time[s], wr_x[mm], wr_y[mm], spd, spd_avg 
0.0004,1838.3967,128.8111,0.0000,0.0000
0.0785,1838.3719,128.8480,0.0000,0.0000
0.0873,1838.3851,128.8293,0.0000,0.0000
0.0932,1838.4019,128.7853,0.0000,0.0000
0.1235,1834.5513,128.5660,0.0000,0.0000
0.1343,1832.3844,128.4114,0.0000,0.0000
0.1383,1830.0754,128.2645,0.0000,0.0000
0.1521,1828.2606,128.1515,0.0000,0.0000
0.1548,1827.1026,127.9962,0.0000,0.0000
0.1649,1825.9636,127.7093,0.0000,0.0000
0.1986,1824.6921,127.6619,0.0000,0.0000
0.2010,1824.1938,127.6785,0.0000,0.0000
0.2051,1823.4977,127.6616,0.0000,0.0000
0.2153,1822.7833,127.5743,0.0000,0.0000
0.2251,1822.2020,127.4595,0.0000,0.0000
0.2353,1821.7956,127.4580,0.0000,0.0000
0.2454,1821.3856,127.3890,0.0000,0.0000
0.2549,1820.4765,127.1825,0.0000,0.0000
0.2656,1818.6531,127.0852,0.0000,0.0000
0.2757,1816.4175,126.9995,0.0000,0.0000
0.3059,1812.1141,126.9790,0.0000,0.0000
0.3080,1810.7640,126.8131,0.0000,0.0000
0.3163,1809.5731,126.7717,0.0000,0.0000
0.3252,1808.6752,126.8300,0.0000,0.0000
0.3352,1808.1995,126.8714,0.0000,0.0000
0.3452,1807.9849,126.7427,0.0000,0.0000
0.3774,1807.4224,126.6099,0.0000,0.0000
0.3797,1806.7667,126.5733,0.0000,0.0000
0.3851,1805.2548,126.6074,0.0000,0.0000
0.4182,1800.4548,126.0411,0.0000,0.0000
0.4205,1797.4671,126.0890,0.0000,0.0000
0.4248,1794.6667,126.0580,0.0000,0.0000
0.4617,1791.1145,125.9712,0.0000,0.0000
0.4640,1789.8446,125.9274,0.0000,0.0000
0.4661,1789.0727,125.8410,0.0000,0.0000
0.4754,1788.7750,125.8518,0.0000,0.0000
0.4853,1788.6961,125.8721,0.0000,0.0000
0.4952,1788.7135,125.6987,0.0000,0.0000
0.5057,1788.5195,125.4800,0.0000,0.0000
0.5152,1787.7204,125.3535,0.0000,0.0000
0.5254,1786.0638,125.3827,0.0000,0.0000
0.5351,1783.9760,125.4624,0.0000,0.0000
0.5454,1781.7722,125.6189,0.0000,0.0000
0.5550,1779.6546,125.6691,0.0000,0.0000
0.5840,1777.1630,125.3947,0.0000,0.0000
0.5863,1776.0858,125.2916,0.0000,0.0000
0.5952,1775.4734,125.2234,0.0000,0.0000
0.6054,1775.3786,125.3828,0.0000,0.0000
0.6155,1775.5424,125.2659,0.0000,0.0000
0.6252,1775.6682,125.0145,0.0000,0.0000
0.6547,1775.1882,124.9861,0.0000,0.0000
0.6569,1774.3560,124.9437,0.0000,0.0000
0.6659,1772.8630,124.9305,0.0000,0.0000
0.6856,1771.3359,124.9541,0.0000,0.0000
0.6878,1770.2582,124.9387,0.0000,0.0000
0.6951,1769.5506,124.9482,0.0000,0.0000
0.7056,1768.9243,124.8338,0.0000,0.0000
0.7156,1768.4343,124.7486,0.0000,0.0000
0.7251,1768.0600,124.7360,0.0000,0.0000
0.7352,1767.7455,124.6920,0.0000,0.0000
0.7450,1767.4172,124.6119,0.0000,0.0000
0.7554,1766.4257,124.5414,0.0000,0.0000
0.7651,1764.8915,124.4784,0.0000,0.0000
0.7752,1763.0756,124.5464,0.0000,0.0000
0.7851,1761.5018,124.5618,0.0000,0.0000
0.7949,1760.3241,124.3763,0.0000,0.0000
0.8057,1759.3990,124.2546,0.0000,0.0000
0.8152,1758.5818,124.1441,0.0000,0.0000
0.8250,1758.1714,124.1628,0.0000,0.0000
0.8350,1757.9586,124.0986,0.0000,0.0000
0.8449,1757.6895,124.1085,0.0000,0.0000
0.8550,1757.1817,124.1217,0.0000,0.0000
0.8651,1756.4200,124.0349,0.0000,0.0000
0.8757,1755.1119,123.8333,0.0000,0.0000
0.8853,1753.4564,123.6794,0.0000,0.0000
0.9149,1750.7603,123.6290,0.0000,0.0000
0.9172,1749.8253,123.5938,0.0000,0.0000
0.9253,1749.1348,123.5809,0.0000,0.0000
0.9348,1748.9296,123.4980,0.0000,0.0000
0.9452,1749.0764,123.5204,0.0000,0.0000
0.9553,1749.2635,123.5069,0.0000,0.0000
0.9651,1749.2433,123.4550,0.0000,0.0000
0.9750,1749.1142,123.4237,0.0000,0.0000
0.9854,1748.3869,123.3615,0.0000,0.0000
0.9955,1746.9080,123.4065,0.0000,0.0000
1.0053,1745.1464,123.1784,0.0000,0.0000
1.0163,1743.6333,123.0095,0.0000,0.0000
1.0251,1742.5979,123.0601,0.0000,0.0000
1.0351,1741.7416,122.9535,0.0000,0.0000
1.0451,1741.0887,123.0124,0.0000,0.0000
1.0552,1740.7775,122.9870,0.0000,0.0000
1.0654,1740.6818,122.8572,0.0000,0.0000
1.0749,1740.4340,122.8427,0.0000,0.0000
1.0853,1739.9228,122.8469,0.0000,0.0000
1.0956,1738.8763,122.8223,0.0000,0.0000
1.1125,1737.2280,122.7952,0.0000,0.0000
1.1150,1735.3209,122.6788,0.0000,0.0000
1.1252,1733.7786,122.6227,0.0000,0.0000
1.1358,1732.8589,122.5345,0.0000,0.0000
1.1453,1732.0292,122.4257,0.0000,0.0000
1.1550,1731.2202,122.4522,0.0000,0.0000
1.1655,1730.8005,122.5219,0.0000,0.0000
1.1754,1730.6417,122.4832,0.0000,0.0000
1.1854,1730.0251,122.3493,0.0000,0.0000
1.1952,1728.7173,122.2792,0.0000,0.0000
1.2055,1727.0721,122.2306,0.0000,0.0000
1.2152,1725.3380,122.1542,0.0000,0.0000
1.2253,1723.5804,121.9670,0.0000,0.0000
1.2352,1721.9125,121.8807,0.0000,0.0000
1.2678,1718.8868,121.7565,0.0000,0.0000
1.2700,1718.1332,121.7643,0.0000,0.0000
1.2750,1717.8916,121.8618,0.0000,0.0000
1.2849,1718.0014,121.7498,0.0000,0.0000
1.2958,1718.2672,121.6622,0.0000,0.0000
1.3051,1718.2875,121.6400,0.0000,0.0000
1.3246,1718.0752,121.6104,0.0000,0.0000
1.3272,1717.9337,121.5461,0.0000,0.0000
1.3353,1717.2034,121.4193,0.0000,0.0000
1.3459,1715.7829,121.3787,0.0000,0.0000
1.3558,1714.2195,121.3425,0.0000,0.0000
1.3657,1712.7647,121.2604,0.0000,0.0000
1.3751,1711.6985,121.2966,0.0000,0.0000
1.3850,1710.8896,121.2587,0.0000,0.0000
1.3955,1710.1912,121.0209,0.0000,0.0000
1.4051,1709.8576,120.9054,0.0000,0.0000
1.4164,1709.8579,120.9835,0.0000,0.0000
1.4252,1709.8369,121.0347,0.0000,0.0000
1.4353,1709.4173,120.9803,0.0000,0.0000
1.4449,1708.6543,120.9067,0.0000,0.0000
1.4552,1707.3541,121.0246,0.0000,0.0000
1.4648,1705.6692,120.9845,0.0000,0.0000
1.4752,1704.0720,120.9610,0.0000,0.0000
1.4853,1702.9534,120.8867,0.0000,0.0000
1.4976,1702.0048,120.8353,0.0000,0.0000
1.5050,1701.0793,120.6835,0.0000,0.0000
1.5155,1700.5990,120.7741,0.0000,0.0000
1.5250,1700.4839,120.8190,0.0000,0.0000
1.5352,1700.3649,120.6770,0.0000,0.0000
1.5451,1699.8040,120.6264,0.0000,0.0000
1.5568,1698.9608,120.5095,0.0000,0.0000
1.5649,1697.5045,120.5306,0.0000,0.0000
1.5753,1695.5464,120.6677,0.0000,0.0000
1.5850,1693.5901,120.6440,0.0000,0.0000
1.5955,1691.9982,120.4935,0.0000,0.0000
1.6050,1690.8336,120.3582,0.0000,0.0000
1.6155,1689.9500,120.1924,0.0000,0.0000
1.6457,1689.3565,120.0306,0.0000,0.0000
1.6482,1689.2146,119.9499,0.0000,0.0000
1.6551,1688.7994,119.9096,0.0000,0.0000
1.6678,1687.9811,119.8282,0.0000,0.0000
1.6750,1686.6306,119.6974,0.0000,0.0000
1.6853,1684.9518,119.7868,0.0000,0.0000
1.6953,1683.3271,119.7195,0.0000,0.0000
1.7052,1682.0148,119.5878,0.0000,0.0000
1.7233,1680.9035,119.5984,0.0000,0.0000
1.7258,1679.8396,119.5726,0.0000,0.0000
1.7350,1678.8534,119.5115,0.0000,0.0000
1.7453,1678.1746,119.4993,0.0000,0.0000
1.7555,1677.7436,119.3743,0.0000,0.0000
1.7653,1677.2710,119.3049,0.0000,0.0000
1.7750,1676.6320,119.3080,0.0000,0.0000
1.7889,1675.8329,119.2187,0.0000,0.0000
1.7949,1674.4202,119.0472,0.0000,0.0000
1.8053,1672.5334,118.8716,0.0000,0.0000
1.8151,1670.5717,118.7644,0.0000,0.0000
1.8255,1668.9908,118.6466,0.0000,0.0000
1.8351,1667.8247,118.6983,0.0000,0.0000
1.8453,1666.9792,118.7221,0.0000,0.0000
1.8553,1666.0851,118.6317,0.0000,0.0000
1.8657,1665.0044,118.5467,0.0000,0.0000
1.8755,1663.8885,118.4525,0.0000,0.0000
1.8856,1662.8199,118.3278,0.0000,0.0000
1.8949,1661.2128,118.3274,0.0000,0.0000
1.9052,1658.9802,118.4677,0.0000,0.0000
1.9149,1656.3561,118.2594,0.0000,0.0000
1.9253,1653.5981,117.7818,0.0000,0.0000
1.9548,1649.6965,117.4536,0.0000,0.0000
1.9571,1648.3950,117.4136,0.0000,0.0000
1.9648,1647.5272,117.5301,0.0000,0.0000
1.9755,1647.1412,117.6071,0.0000,0.0000
1.9851,1647.0581,117.6371,0.0000,0.0000
2.0152,1646.4927,117.4742,0.0000,0.0000
2.0175,1646.0850,117.3262,0.0000,0.0000
2.0253,1645.0274,117.3997,0.0000,0.0000
2.0601,1640.7419,117.5071,0.0000,0.0000
2.0626,1637.9521,117.1717,0.0000,0.0000
2.0647,1635.1675,117.1405,0.0000,0.0000
2.0749,1633.2095,117.0958,0.0000,0.0000
2.0847,1631.7606,116.8929,0.0000,0.0000
2.0951,1630.4187,116.9305,0.0000,0.0000
2.1052,1629.3055,116.9829,0.0000,0.0000
2.1151,1628.5020,116.8548,0.0000,0.0000
2.1250,1628.0610,116.7942,0.0000,0.0000
2.1353,1627.8783,116.8070,0.0000,0.0000
2.1459,1627.7708,116.8187,0.0000,0.0000
2.1552,1627.6810,116.8406,0.0000,0.0000
2.1652,1627.5004,116.9062,0.0000,0.0000
2.1753,1626.9260,116.8967,0.0000,0.0000
2.2088,1624.1210,116.9627,0.0000,0.0000
2.2110,1622.4261,116.8468,0.0000,0.0000
2.2147,1621.1263,116.6475,0.0000,0.0000
2.2509,1619.3994,116.5382,0.0000,0.0000
2.2536,1618.8461,116.4819,0.0000,0.0000
2.2568,1618.7853,116.4970,0.0000,0.0000
2.2651,1619.1398,116.5097,0.0000,0.0000
2.2811,1619.6422,116.6566,0.0000,0.0000
2.2848,1620.1556,116.7383,0.0000,0.0000
2.2953,1620.3567,116.6122,0.0000,0.0000
2.3049,1619.8334,116.5951,0.0000,0.0000
2.3153,1618.5591,116.6883,0.0000,0.0000
2.3255,1617.0126,116.6691,0.0000,0.0000
2.3353,1615.4102,116.5821,0.0000,0.0000
2.3451,1613.9617,116.4654,0.0000,0.0000
2.3553,1612.4310,116.2937,0.0000,0.0000
2.3651,1610.7018,116.2832,0.0000,0.0000
2.3753,1608.9323,116.2473,0.0000,0.0000
2.3850,1607.7426,116.1505,0.0000,0.0000
2.3955,1607.0190,116.1332,0.0000,0.0000
2.4051,1606.7593,115.9916,0.0000,0.0000
2.4150,1606.7198,115.9713,0.0000,0.0000
2.4250,1606.8552,115.9820,0.0000,0.0000
2.4351,1606.8640,115.9399,0.0000,0.0000
2.4657,1605.2621,115.5371,0.0000,0.0000
2.4679,1603.5425,115.3564,0.0000,0.0000
2.4758,1601.7269,115.3707,0.0000,0.0000
2.4851,1600.2333,115.6212,0.0000,0.0000
2.4955,1599.2040,115.7428,0.0000,0.0000
2.5052,1598.3405,115.7988,0.0000,0.0000
2.5159,1597.6724,115.6497,0.0000,0.0000
2.5252,1596.9530,115.3208,0.0000,0.0000
2.5348,1595.9067,115.0158,0.0000,0.0000
2.5452,1594.2725,114.7979,0.0000,0.0000
2.5549,1592.1053,114.8316,0.0000,0.0000
2.5651,1589.7072,115.0482,0.0000,0.0000
2.5752,1587.4816,115.4430,0.0000,0.0000
2.6044,1584.6844,115.1257,0.0000,0.0000
2.6066,1583.6376,115.2418,0.0000,0.0000
2.6151,1583.0741,115.2147,0.0000,0.0000
2.6254,1582.8499,115.2140,0.0000,0.0000
2.6359,1582.7723,115.2693,0.0000,0.0000
2.6451,1582.7391,115.0522,0.0000,0.0000
2.6551,1582.6155,114.9777,0.0000,0.0000
2.6864,1581.4243,114.8713,0.0000,0.0000
2.6887,1579.7191,114.8682,0.0000,0.0000
2.6950,1577.9278,114.7560,0.0000,0.0000
2.7051,1576.5181,114.6306,0.0000,0.0000
2.7152,1575.9671,114.7357,0.0000,0.0000
2.7258,1575.6031,114.7059,0.0000,0.0000
2.7465,1575.0388,114.7576,0.0000,0.0000
2.7487,1574.3411,114.5078,0.0000,0.0000
2.7551,1573.3810,114.3472,0.0000,0.0000
2.7653,1571.5984,114.5679,0.0000,0.0000
2.7756,1569.1594,114.4250,0.0000,0.0000
2.7851,1566.3180,113.9903,0.0000,0.0000
2.7954,1563.3412,114.1203,0.0000,0.0000
2.8049,1560.6639,114.0885,0.0000,0.0000
2.8154,1558.1801,113.7816,0.0000,0.0000
2.8380,1555.5527,113.6969,0.0000,0.0000
2.8402,1553.3800,113.5711,0.0000,0.0000
2.8447,1551.8873,113.5801,0.0000,0.0000
2.8688,1550.9211,113.5050,0.0000,0.0000
2.8711,1550.3297,113.3931,0.0000,0.0000
2.8749,1549.9826,113.2781,0.0000,0.0000
2.8892,1549.5972,113.2434,0.0000,0.0000
2.8951,1548.9738,113.3218,0.0000,0.0000
2.9062,1548.4816,113.3874,0.0000,0.0000
2.9151,1548.1371,113.2417,0.0000,0.0000
2.9254,1547.6671,113.1372,0.0000,0.0000
2.9355,1546.5133,113.0655,0.0000,0.0000
2.9449,1544.8359,112.8583,0.0000,0.0000
2.9551,1542.8347,112.8437,0.0000,0.0000
2.9651,1540.9154,112.9536,0.0000,0.0000
2.9755,1539.4027,112.8838,0.0000,0.0000
2.9851,1538.1036,112.7813,0.0000,0.0000
2.9950,1537.0046,112.7232,0.0000,0.0000
3.0056,1536.4453,112.6877,0.0000,0.0000
3.0150,1536.2283,112.5197,0.0000,0.0000
3.0249,1536.0693,112.4547,0.0000,0.0000
3.0353,1535.6022,112.5910,0.0000,0.0000
3.0451,1534.8765,112.4985,0.0000,0.0000
3.0551,1533.9457,112.3322,0.0000,0.0000
3.0650,1532.4462,112.3396,0.0000,0.0000
3.0751,1530.7197,112.3046,0.0000,0.0000
3.0849,1529.0834,112.1887,0.0000,0.0000
3.0953,1527.8192,112.1741,0.0000,0.0000
3.1052,1526.7810,112.1056,0.0000,0.0000
3.1152,1526.0986,112.1088,0.0000,0.0000
3.1486,1526.2170,112.0595,0.0000,0.0000
3.1508,1526.5347,111.8842,0.0000,0.0000
3.1552,1526.3783,111.8652,0.0000,0.0000
3.1653,1525.8953,111.7812,0.0000,0.0000
3.1748,1525.2170,111.8596,0.0000,0.0000
3.1851,1524.2518,111.8827,0.0000,0.0000
3.2177,1521.6962,111.6459,0.0000,0.0000
3.2201,1520.0474,111.4959,0.0000,0.0000
3.2248,1518.5031,111.4595,0.0000,0.0000
3.2606,1516.6269,111.4242,0.0000,0.0000
3.2629,1516.4611,111.4573,0.0000,0.0000
3.2651,1516.6879,111.4716,0.0000,0.0000
3.2754,1517.0903,111.4203,0.0000,0.0000
3.2911,1517.5311,111.5297,0.0000,0.0000
3.2950,1517.8010,111.5482,0.0000,0.0000
3.3060,1517.7756,111.4510,0.0000,0.0000
3.3156,1517.6702,111.3749,0.0000,0.0000
3.3255,1517.0578,111.4044,0.0000,0.0000
3.3352,1516.0771,111.4225,0.0000,0.0000
3.3559,1515.0656,111.4483,0.0000,0.0000
3.3583,1513.9474,111.3420,0.0000,0.0000
3.3663,1512.7552,111.2713,0.0000,0.0000
3.3753,1511.5600,111.1761,0.0000,0.0000
3.3859,1510.5092,111.1012,0.0000,0.0000
3.3950,1509.7742,111.0528,0.0000,0.0000
3.4053,1509.3942,110.9522,0.0000,0.0000
3.4159,1509.0106,110.9429,0.0000,0.0000
3.4318,1508.3038,110.9749,0.0000,0.0000
3.4348,1507.1147,110.8889,0.0000,0.0000
3.4462,1505.3856,110.7107,0.0000,0.0000
3.4638,1503.3314,110.4815,0.0000,0.0000
3.4661,1501.1780,110.3016,0.0000,0.0000
3.4749,1499.3865,110.3264,0.0000,0.0000
3.4852,1497.7106,110.3393,0.0000,0.0000
3.4951,1496.1710,110.2372,0.0000,0.0000
3.5053,1494.8240,110.1890,0.0000,0.0000
3.5152,1493.6390,110.0314,0.0000,0.0000
3.5256,1492.5384,109.9080,0.0000,0.0000
3.5352,1491.2485,109.8428,0.0000,0.0000
3.5453,1489.5796,109.8341,0.0000,0.0000
3.5552,1487.6273,109.7988,0.0000,0.0000
3.5652,1485.8519,109.5424,0.0000,0.0000
3.5750,1484.3547,109.2903,0.0000,0.0000
3.5864,1483.0049,109.2035,0.0000,0.0000
3.5950,1481.8014,109.1639,0.0000,0.0000
3.6052,1481.0388,109.1387,0.0000,0.0000
3.6150,1480.5765,109.2656,0.0000,0.0000
3.6258,1480.1948,109.2733,0.0000,0.0000
3.6354,1479.5947,109.2394,0.0000,0.0000
3.6455,1478.7703,109.1262,0.0000,0.0000
3.6553,1477.7876,108.8911,0.0000,0.0000
3.6655,1476.3096,108.8950,0.0000,0.0000
3.6812,1474.5369,108.8387,0.0000,0.0000
3.6851,1472.8444,108.7269,0.0000,0.0000
3.6957,1471.3773,108.7052,0.0000,0.0000
3.7055,1470.3241,108.5163,0.0000,0.0000
3.7410,1469.4298,108.5189,0.0000,0.0000
3.7440,1469.3492,108.5303,0.0000,0.0000
3.7472,1469.0773,108.5986,0.0000,0.0000
3.7560,1468.2806,108.3813,0.0000,0.0000
3.7715,1466.5951,108.3944,0.0000,0.0000
3.7748,1464.2534,108.6477,0.0000,0.0000
3.7851,1461.6295,108.5937,0.0000,0.0000
3.8042,1458.9010,108.2340,0.0000,0.0000
3.8061,1456.7457,108.1692,0.0000,0.0000
3.8148,1455.2636,108.0280,0.0000,0.0000
3.8461,1453.1010,107.8937,0.0000,0.0000
3.8484,1452.2641,107.8772,0.0000,0.0000
3.8550,1451.0979,107.9068,0.0000,0.0000
3.8766,1450.1312,107.8388,0.0000,0.0000
3.8788,1449.6188,107.8354,0.0000,0.0000
3.8852,1449.1678,107.8163,0.0000,0.0000
3.8951,1448.6279,107.7891,0.0000,0.0000
3.9058,1447.9939,107.7993,0.0000,0.0000
3.9151,1447.4355,107.7332,0.0000,0.0000
3.9252,1447.0293,107.5994,0.0000,0.0000
3.9351,1446.2246,107.5963,0.0000,0.0000
3.9452,1444.7197,107.6388,0.0000,0.0000
3.9550,1442.9730,107.4324,0.0000,0.0000
3.9655,1441.6143,107.2705,0.0000,0.0000
3.9758,1440.7937,107.3086,0.0000,0.0000
4.0147,1438.9966,107.2798,0.0000,0.0000
4.0169,1438.7257,107.1614,0.0000,0.0000
4.0252,1438.3149,107.0384,0.0000,0.0000
4.0598,1435.5637,107.1372,0.0000,0.0000
4.0621,1433.5325,107.1359,0.0000,0.0000
4.0647,1431.6074,106.9185,0.0000,0.0000
4.0750,1430.1173,106.6853,0.0000,0.0000
4.0850,1428.9857,106.6016,0.0000,0.0000
4.0953,1428.2085,106.5748,0.0000,0.0000
4.1051,1427.7786,106.5877,0.0000,0.0000
4.1150,1427.4490,106.4762,0.0000,0.0000
4.1368,1426.5544,106.4655,0.0000,0.0000
4.1390,1424.7628,106.4529,0.0000,0.0000
4.1449,1422.6929,106.3011,0.0000,0.0000
4.1552,1420.1772,106.0637,0.0000,0.0000
4.1652,1417.2336,105.9854,0.0000,0.0000
4.1944,1413.1001,105.6054,0.0000,0.0000
4.1967,1411.5148,105.4699,0.0000,0.0000
4.2052,1409.4273,105.4853,0.0000,0.0000
4.2151,1406.2521,105.4062,0.0000,0.0000
4.2260,1402.5157,105.2344,0.0000,0.0000
4.2351,1398.8191,105.2199,0.0000,0.0000
4.2460,1395.0375,104.6231,0.0000,0.0000
4.2550,1391.4995,104.3345,0.0000,0.0000
4.2650,1388.6436,104.3583,0.0000,0.0000
4.2749,1386.0153,103.9835,0.0000,0.0000
4.3077,1381.7261,104.0744,0.0000,0.0000
4.3099,1380.1659,103.8418,0.0000,0.0000
4.3149,1378.3771,103.7110,0.0000,0.0000
4.3249,1376.1548,103.3962,0.0000,0.0000
4.3351,1373.3137,103.0392,0.0000,0.0000
4.3455,1370.0333,103.0096,0.0000,0.0000
4.3552,1366.5837,103.1851,0.0000,0.0000
4.3649,1363.3677,103.1560,0.0000,0.0000
4.3753,1360.1681,103.2242,0.0000,0.0000
4.4007,1356.7310,102.9429,0.0000,0.0000
4.4029,1353.2486,102.6258,0.0000,0.0000
4.4051,1350.5283,102.7943,0.0000,0.0000
4.4154,1348.6887,102.9835,0.0000,0.0000
4.4315,1347.2839,102.9177,0.0000,0.0000
4.4350,1346.1894,102.6956,0.0000,0.0000
4.4451,1345.4799,102.5726,0.0000,0.0000
4.4554,1345.2030,102.2980,0.0000,0.0000
4.4651,1344.6216,101.6463,0.0000,0.0000
4.4752,1342.7021,101.4881,0.0000,0.0000
4.4851,1340.4056,101.4711,0.0000,0.0000
4.4956,1338.2392,101.2934,0.0000,0.0000
4.5051,1335.4948,101.4239,0.0000,0.0000
4.5158,1332.6662,101.5609,0.0000,0.0000
4.5250,1330.7188,101.4195,0.0000,0.0000
4.5355,1329.2914,101.5599,0.0000,0.0000
4.5452,1327.9956,101.5836,0.0000,0.0000
4.5554,1327.2509,101.3136,0.0000,0.0000
4.5652,1326.9653,101.1663,0.0000,0.0000
4.5753,1326.7468,100.8946,0.0000,0.0000
4.5851,1325.9903,100.7417,0.0000,0.0000
4.5951,1324.7394,100.7769,0.0000,0.0000
4.6246,1321.7639,100.6838,0.0000,0.0000
4.6268,1319.9525,100.5028,0.0000,0.0000
4.6351,1318.4031,100.4057,0.0000,0.0000
4.6453,1317.0292,100.3759,0.0000,0.0000
4.6552,1316.0413,100.3528,0.0000,0.0000
4.6652,1315.5546,100.5353,0.0000,0.0000
4.6807,1315.4967,100.6373,0.0000,0.0000
4.6852,1315.4715,100.4903,0.0000,0.0000
4.6951,1315.0688,100.1698,0.0000,0.0000
4.7068,1313.7961,100.2073,0.0000,0.0000
4.7150,1312.2557,100.1929,0.0000,0.0000
4.7252,1310.5756,100.1946,0.0000,0.0000
4.7350,1308.8576,100.1658,0.0000,0.0000
4.7457,1307.4572,99.9823,0.0000,0.0000
4.7555,1306.4273,99.8871,0.0000,0.0000
4.7649,1305.5475,99.8660,0.0000,0.0000
4.7751,1305.0516,99.8957,0.0000,0.0000
4.7853,1304.8801,99.7601,0.0000,0.0000
4.7949,1304.6551,99.7497,0.0000,0.0000
4.8053,1304.2050,99.7988,0.0000,0.0000
4.8149,1303.6807,99.7608,0.0000,0.0000
4.8251,1303.2134,99.7414,0.0000,0.0000
4.8350,1302.5856,99.7375,0.0000,0.0000
4.8451,1301.7130,99.6975,0.0000,0.0000
4.8552,1300.8274,99.6425,0.0000,0.0000
4.8653,1300.0936,99.6136,0.0000,0.0000
4.8960,1299.0558,99.5943,0.0000,0.0000
4.8981,1298.8439,99.6403,0.0000,0.0000
4.9047,1299.1228,99.6884,0.0000,0.0000
4.9272,1299.6508,99.6796,0.0000,0.0000
4.9294,1300.1525,99.6856,0.0000,0.0000
4.9351,1300.4286,99.6462,0.0000,0.0000
4.9722,1300.9625,99.6717,0.0000,0.0000
4.9743,1301.1992,99.6603,0.0000,0.0000
4.9764,1301.4313,99.6495,0.0000,0.0000
4.9852,1301.5884,99.6986,0.0000,0.0000
5.0188,1301.6991,99.6494,0.0000,0.0000
5.0212,1301.6879,99.6619,0.0000,0.0000
5.0246,1301.6285,99.6527,0.0000,0.0000
5.0606,1301.4515,99.7003,0.0000,0.0000
5.0628,1301.4238,99.6918,0.0000,0.0000
5.0648,1301.3049,99.6575,0.0000,0.0000
5.0761,1301.1747,99.6622,0.0000,0.0000
5.0919,1301.0708,99.6427,0.0000,0.0000
5.0948,1300.9563,99.6597,0.0000,0.0000
5.1051,1300.8420,99.6541,0.0000,0.0000
5.1368,1300.6167,99.6300,0.0000,0.0000
5.1390,1300.5143,99.6259,0.0000,0.0000
5.1448,1300.4260,99.6920,0.0000,0.0000
5.1553,1300.3199,99.6957,0.0000,0.0000
5.1650,1300.2516,99.6714,0.0000,0.0000
5.1752,1300.2065,99.6752,0.0000,0.0000
5.2074,1300.1188,99.6171,0.0000,0.0000
5.2097,1300.0491,99.6295,0.0000,0.0000
5.2152,1299.9008,99.6450,0.0000,0.0000
5.2493,1299.6655,99.5906,0.0000,0.0000
5.2517,1299.6611,99.6232,0.0000,0.0000
5.2551,1299.6558,99.6243,0.0000,0.0000
5.2923,1299.6640,99.6943,0.0000,0.0000
5.2947,1299.6729,99.6661,0.0000,0.0000
5.2986,1299.6974,99.6212,0.0000,0.0000
5.3053,1299.7130,99.6127,0.0000,0.0000
5.3150,1299.7151,99.6411,0.0000,0.0000
5.3252,1299.6724,99.5986,0.0000,0.0000
5.3350,1299.6645,99.5911,0.0000,0.0000
5.3454,1299.6390,99.6440,0.0000,0.0000
5.3551,1299.5443,99.6452,0.0000,0.0000
5.3652,1299.4469,99.6200,0.0000,0.0000
5.3984,1299.4921,99.6634,0.0000,0.0000
5.4007,1299.5353,99.6199,0.0000,0.0000
5.4049,1299.5850,99.6407,0.0000,0.0000
5.4172,1299.6099,99.6597,0.0000,0.0000
5.4248,1299.6031,99.6177,0.0000,0.0000
5.4351,1299.5584,99.6109,0.0000,0.0000
5.4602,1299.5387,99.6286,0.0000,0.0000
5.4627,1299.4214,99.5934,0.0000,0.0000
5.4648,1299.2017,99.6188,0.0000,0.0000
5.4755,1298.9325,99.6504,0.0000,0.0000
5.5060,1298.5895,99.6089,0.0000,0.0000
5.5080,1298.5445,99.5895,0.0000,0.0000
5.5147,1298.4507,99.5777,0.0000,0.0000
5.5248,1298.3339,99.5675,0.0000,0.0000
5.5345,1298.2502,99.5596,0.0000,0.0000
5.5447,1298.2444,99.5604,0.0000,0.0000
5.5555,1298.2349,99.5578,0.0000,0.0000
5.5676,1298.2016,99.5290,0.0000,0.0000
5.5757,1298.1093,99.5424,0.0000,0.0000
5.5857,1297.9729,99.5512,0.0000,0.0000
5.5954,1297.7948,99.5622,0.0000,0.0000
5.6291,1297.5439,99.5660,0.0000,0.0000
5.6313,1297.5383,99.5673,0.0000,0.0000
5.6349,1297.6147,99.5461,0.0000,0.0000
5.6714,1297.8644,99.5233,0.0000,0.0000
5.6736,1297.8820,99.4755,0.0000,0.0000
5.6757,1297.7943,99.4437,0.0000,0.0000
5.6856,1297.4238,99.4376,0.0000,0.0000
5.7172,1295.4709,99.2976,0.0000,0.0000
5.7198,1294.3292,99.2763,0.0000,0.0000
5.7251,1293.3458,99.3295,0.0000,0.0000
5.7352,1292.4578,99.2108,0.0000,0.0000
5.7448,1291.7361,99.0722,0.0000,0.0000
5.7554,1291.3260,99.0670,0.0000,0.0000
5.7653,1291.3293,99.0622,0.0000,0.0000
5.7761,1291.5511,98.9654,0.0000,0.0000
5.7849,1291.1750,98.9219,0.0000,0.0000
5.7953,1289.8152,98.7990,0.0000,0.0000
5.8050,1287.9670,98.7146,0.0000,0.0000
5.8154,1285.7990,98.7274,0.0000,0.0000
5.8256,1283.2805,98.7352,0.0000,0.0000
5.8363,1281.1466,98.7425,0.0000,0.0000
5.8453,1279.8528,98.5838,0.0000,0.0000
5.8558,1278.7258,98.5572,0.0000,0.0000
5.8648,1277.8992,98.5214,0.0000,0.0000
5.8755,1277.5659,98.4502,0.0000,0.0000
5.8857,1277.1157,98.5142,0.0000,0.0000
5.8949,1276.0465,98.4081,0.0000,0.0000
5.9050,1274.6824,98.2713,0.0000,0.0000
5.9152,1272.8647,98.2915,0.0000,0.0000
5.9251,1270.5147,98.2299,0.0000,0.0000
5.9355,1268.0895,98.0626,0.0000,0.0000
5.9452,1266.1310,98.0555,0.0000,0.0000
5.9644,1264.5769,97.8929,0.0000,0.0000
5.9667,1263.3350,97.8349,0.0000,0.0000
5.9754,1262.5258,97.8301,0.0000,0.0000
5.9850,1262.1854,97.6665,0.0000,0.0000
5.9958,1262.0569,97.6806,0.0000,0.0000
6.0052,1261.9373,97.6141,0.0000,0.0000
6.0151,1261.6020,97.4343,0.0000,0.0000
6.0257,1260.9419,97.2501,0.0000,0.0000
6.0354,1259.5780,97.1320,0.0000,0.0000
6.0646,1255.5242,97.4457,0.0000,0.0000
6.0668,1253.7253,97.6579,0.0000,0.0000
6.0748,1252.6008,97.5053,0.0000,0.0000
6.0851,1251.7036,97.4203,0.0000,0.0000
6.0958,1250.9901,97.3847,0.0000,0.0000
6.1052,1250.6932,97.3098,0.0000,0.0000
6.1365,1250.5964,96.9928,0.0000,0.0000
6.1408,1250.0119,96.9017,0.0000,0.0000
6.1455,1248.6551,97.0124,0.0000,0.0000
6.1800,1244.8458,97.1845,0.0000,0.0000
6.1824,1242.8427,97.0615,0.0000,0.0000
6.1849,1241.1675,96.8749,0.0000,0.0000
6.2227,1237.9618,96.5300,0.0000,0.0000
6.2251,1237.8182,96.5598,0.0000,0.0000
6.2359,1237.8474,96.4698,0.0000,0.0000
6.2680,1238.0320,96.3499,0.0000,0.0000
6.2702,1237.9144,96.1844,0.0000,0.0000
6.2747,1236.8972,96.1130,0.0000,0.0000
6.2853,1235.0585,96.0162,0.0000,0.0000
6.2964,1232.7467,96.0404,0.0000,0.0000
6.3056,1229.9941,96.1326,0.0000,0.0000
6.3152,1227.0270,95.8469,0.0000,0.0000
6.3251,1224.4095,95.6750,0.0000,0.0000
6.3352,1222.6662,95.6059,0.0000,0.0000
6.3693,1219.4995,95.5319,0.0000,0.0000
6.3717,1218.1577,95.5704,0.0000,0.0000
6.3750,1216.9863,95.5298,0.0000,0.0000
6.3849,1215.9967,95.6513,0.0000,0.0000
6.3954,1214.9581,95.6332,0.0000,0.0000
6.4248,1211.3884,95.5983,0.0000,0.0000
6.4272,1208.8646,95.6667,0.0000,0.0000
6.4352,1205.8584,95.4807,0.0000,0.0000
6.4685,1198.5181,95.4593,0.0000,0.0000
6.4708,1194.8760,95.1563,0.0000,0.0000
6.4750,1191.6038,95.0979,0.0000,0.0000
6.5105,1186.7587,94.9776,0.0000,0.0000
6.5126,1185.0396,95.1111,0.0000,0.0000
6.5146,1183.6786,94.9628,0.0000,0.0000
6.5255,1182.4645,94.9307,0.0000,0.0000
6.5430,1181.4261,94.8352,0.0000,0.0000
6.5454,1180.7287,94.6864,0.0000,0.0000
6.5554,1180.1353,94.7405,0.0000,0.0000
6.5654,1179.3059,94.7163,0.0000,0.0000
6.5887,1177.8361,94.5781,0.0000,0.0000
6.5912,1175.6800,94.5178,0.0000,0.0000
6.5949,1173.1446,94.5181,0.0000,0.0000
6.6055,1170.3549,94.6892,0.0000,0.0000
6.6149,1167.2040,94.3826,0.0000,0.0000
6.6257,1163.9374,94.2466,0.0000,0.0000
6.6568,1157.7692,93.8856,0.0000,0.0000
6.6588,1154.9312,93.9351,0.0000,0.0000
6.6657,1152.0922,93.8298,0.0000,0.0000
6.6992,1147.0037,93.7502,0.0000,0.0000
6.7015,1145.4380,93.7679,0.0000,0.0000
6.7051,1144.4005,93.6920,0.0000,0.0000
6.7151,1143.7853,93.6219,0.0000,0.0000
6.7251,1143.5709,93.3912,0.0000,0.0000
6.7350,1143.5098,93.0026,0.0000,0.0000
6.7649,1142.7145,92.6059,0.0000,0.0000
6.7672,1141.4367,92.4725,0.0000,0.0000
6.7750,1139.5189,92.3910,0.0000,0.0000
6.8091,1134.7012,92.9370,0.0000,0.0000
6.8114,1132.5461,92.8269,0.0000,0.0000
6.8146,1130.9122,92.7466,0.0000,0.0000
6.8523,1128.4854,92.5576,0.0000,0.0000
6.8546,1127.9468,92.5985,0.0000,0.0000
6.8567,1127.5917,92.5972,0.0000,0.0000
6.8652,1127.3345,92.6624,0.0000,0.0000
6.8971,1127.1223,92.5671,0.0000,0.0000
6.8994,1127.0818,92.5234,0.0000,0.0000
6.9052,1126.7949,92.4287,0.0000,0.0000
6.9155,1125.5018,92.2983,0.0000,0.0000
6.9251,1123.4244,92.2440,0.0000,0.0000
6.9349,1121.0737,92.1700,0.0000,0.0000
6.9452,1118.5096,92.0205,0.0000,0.0000
6.9551,1115.5793,92.0691,0.0000,0.0000
6.9739,1113.0493,92.1710,0.0000,0.0000
6.9763,1111.4171,92.0276,0.0000,0.0000
6.9850,1109.9908,92.1184,0.0000,0.0000
6.9948,1108.8650,92.0832,0.0000,0.0000
7.0052,1108.4288,91.9622,0.0000,0.0000
7.0149,1108.3567,91.9708,0.0000,0.0000
7.0252,1107.9668,91.9984,0.0000,0.0000
7.0354,1106.9773,91.9939,0.0000,0.0000
7.0453,1105.6944,91.8382,0.0000,0.0000
7.0551,1103.6772,91.6931,0.0000,0.0000
7.0654,1101.2374,91.8083,0.0000,0.0000
7.0751,1098.8695,91.8619,0.0000,0.0000
7.0853,1096.9283,91.8145,0.0000,0.0000
7.0949,1095.3457,91.7685,0.0000,0.0000
7.1054,1094.2421,91.7713,0.0000,0.0000
7.1150,1093.5840,91.8405,0.0000,0.0000
7.1251,1093.3285,91.8008,0.0000,0.0000
7.1351,1093.2974,91.8026,0.0000,0.0000
7.1450,1092.9456,91.7414,0.0000,0.0000
7.1548,1091.8245,91.5565,0.0000,0.0000
7.1651,1090.4192,91.4781,0.0000,0.0000
7.1750,1088.6644,91.6355,0.0000,0.0000
7.1852,1086.8183,91.6613,0.0000,0.0000
7.1949,1085.2744,91.7309,0.0000,0.0000
7.2053,1083.8287,91.6479,0.0000,0.0000
7.2378,1081.6502,91.5982,0.0000,0.0000
7.2401,1081.4247,91.6576,0.0000,0.0000
7.2448,1081.5233,91.5944,0.0000,0.0000
7.2818,1081.5423,91.4726,0.0000,0.0000
7.2839,1081.1075,91.4060,0.0000,0.0000
7.2857,1080.9944,91.4260,0.0000,0.0000
7.2949,1081.0726,91.4372,0.0000,0.0000
7.3050,1081.1238,91.4110,0.0000,0.0000
7.3148,1081.0869,91.4121,0.0000,0.0000
7.3252,1081.0735,91.3988,0.0000,0.0000
7.3350,1080.9063,91.1867,0.0000,0.0000
7.3453,1079.9921,90.9859,0.0000,0.0000
7.3551,1078.6352,90.9693,0.0000,0.0000
7.3654,1077.2375,91.1217,0.0000,0.0000
7.3981,1075.4671,91.3927,0.0000,0.0000
7.4009,1075.1462,91.2799,0.0000,0.0000
7.4055,1075.1593,91.1923,0.0000,0.0000
7.4151,1075.5375,91.1842,0.0000,0.0000
7.4250,1076.1077,91.2265,0.0000,0.0000
7.4353,1076.6602,91.2803,0.0000,0.0000
7.4645,1077.0803,91.1618,0.0000,0.0000
7.4667,1076.6812,91.1772,0.0000,0.0000
7.4749,1075.8328,91.2222,0.0000,0.0000
7.4849,1075.0172,91.2521,0.0000,0.0000
7.4949,1074.6163,91.2025,0.0000,0.0000
7.5055,1074.3610,91.1698,0.0000,0.0000
7.5279,1073.9981,91.1652,0.0000,0.0000
7.5301,1073.4192,91.2196,0.0000,0.0000
7.5349,1072.4986,91.1460,0.0000,0.0000
7.5451,1071.1173,91.1104,0.0000,0.0000
7.5550,1069.3198,91.1421,0.0000,0.0000
7.5654,1067.4599,91.1334,0.0000,0.0000
7.5752,1065.8274,91.0806,0.0000,0.0000
7.5851,1064.3623,91.0086,0.0000,0.0000
7.5952,1062.4085,90.9612,0.0000,0.0000
7.6053,1060.0604,90.9272,0.0000,0.0000
7.6149,1057.8548,90.8672,0.0000,0.0000
7.6249,1056.2886,90.7736,0.0000,0.0000
7.6351,1055.3248,90.7602,0.0000,0.0000
7.6454,1054.7729,90.8139,0.0000,0.0000
7.6549,1054.5820,90.6999,0.0000,0.0000
7.6655,1054.6012,90.5423,0.0000,0.0000
7.6751,1054.4205,90.5055,0.0000,0.0000
7.6853,1053.7219,90.4410,0.0000,0.0000
7.6950,1052.4403,90.5201,0.0000,0.0000
7.7055,1050.6700,90.7971,0.0000,0.0000
7.7150,1048.6749,90.8648,0.0000,0.0000
7.7252,1046.9300,90.7410,0.0000,0.0000
7.7350,1045.8113,90.6870,0.0000,0.0000
7.7452,1045.0610,90.6156,0.0000,0.0000
7.7550,1044.7163,90.5906,0.0000,0.0000
7.7663,1044.6846,90.5818,0.0000,0.0000
7.7952,1044.2312,90.5522,0.0000,0.0000
7.7976,1043.6384,90.5531,0.0000,0.0000
7.8049,1042.4969,90.5922,0.0000,0.0000
7.8153,1040.6535,90.6359,0.0000,0.0000
7.8248,1038.4377,90.6070,0.0000,0.0000
7.8351,1036.3713,90.5821,0.0000,0.0000
7.8448,1034.7174,90.6280,0.0000,0.0000
7.8548,1033.1360,90.5475,0.0000,0.0000
7.8647,1031.3675,90.5098,0.0000,0.0000
7.8750,1029.7134,90.3875,0.0000,0.0000
7.8846,1028.4833,90.2884,0.0000,0.0000
7.8951,1027.6318,90.4125,0.0000,0.0000
7.9268,1026.5143,90.4648,0.0000,0.0000
7.9291,1026.2272,90.4002,0.0000,0.0000
7.9349,1025.9260,90.3685,0.0000,0.0000
7.9584,1025.4749,90.3209,0.0000,0.0000
7.9608,1024.9072,90.2526,0.0000,0.0000
7.9650,1024.0028,90.2307,0.0000,0.0000
7.9852,1022.8829,90.1603,0.0000,0.0000
7.9880,1021.8596,90.1446,0.0000,0.0000
7.9947,1021.0564,90.1677,0.0000,0.0000
8.0262,1019.5188,90.1683,0.0000,0.0000
8.0285,1018.3860,90.2049,0.0000,0.0000
8.0351,1016.9150,90.1933,0.0000,0.0000
8.0707,1014.2025,90.1339,0.0000,0.0000
8.0737,1013.1291,90.0723,0.0000,0.0000
8.0759,1012.0953,90.0639,0.0000,0.0000
8.0856,1010.9453,90.1826,0.0000,0.0000
8.1006,1009.9487,90.2958,0.0000,0.0000
8.1047,1009.1576,90.3722,0.0000,0.0000
8.1153,1008.3753,90.3233,0.0000,0.0000
8.1252,1007.6505,90.2582,0.0000,0.0000
8.1398,1006.9221,90.1879,0.0000,0.0000
8.1450,1006.2622,90.1106,0.0000,0.0000
8.1771,1003.8993,90.1030,0.0000,0.0000
8.1793,1001.8807,90.1624,0.0000,0.0000
8.1850,999.7458,90.3043,0.0000,0.0000
8.1951,997.8355,90.3199,0.0000,0.0000
8.2048,996.2652,90.2262,0.0000,0.0000
8.2152,994.9667,90.2778,0.0000,0.0000
8.2488,992.7416,90.3910,0.0000,0.0000
8.2512,991.3571,90.3633,0.0000,0.0000
8.2547,989.3618,90.1733,0.0000,0.0000
8.2892,984.6996,90.5988,0.0000,0.0000
8.2915,982.7581,90.6026,0.0000,0.0000
8.2952,981.1694,90.4669,0.0000,0.0000
8.3314,978.1515,90.2411,0.0000,0.0000
8.3341,977.2761,90.3341,0.0000,0.0000
8.3362,976.7536,90.3810,0.0000,0.0000
8.3455,976.3672,90.4033,0.0000,0.0000
8.3618,976.1062,90.3135,0.0000,0.0000
8.3649,975.9579,90.1350,0.0000,0.0000
8.3764,975.7396,90.1768,0.0000,0.0000
8.3939,974.8536,90.1954,0.0000,0.0000
8.3961,972.9967,90.1443,0.0000,0.0000
8.4052,970.7140,90.2156,0.0000,0.0000
8.4152,968.3552,90.2786,0.0000,0.0000
8.4254,966.0124,90.6683,0.0000,0.0000
8.4362,964.2001,90.6609,0.0000,0.0000
8.4667,961.6423,90.5076,0.0000,0.0000
8.4689,960.1398,90.3409,0.0000,0.0000
8.4752,958.8028,90.3482,0.0000,0.0000
8.5084,957.4224,90.1073,0.0000,0.0000
8.5106,957.0872,90.0973,0.0000,0.0000
8.5208,956.6386,90.2378,0.0000,0.0000
8.5251,956.2987,90.2204,0.0000,0.0000
8.5350,956.2141,90.2292,0.0000,0.0000
8.5668,955.9156,90.2137,0.0000,0.0000
8.5691,955.1852,90.2019,0.0000,0.0000
8.5751,953.8908,90.2907,0.0000,0.0000
8.5850,952.5988,90.3006,0.0000,0.0000
8.5950,951.7254,90.1565,0.0000,0.0000
8.6055,951.1035,90.0857,0.0000,0.0000
8.6162,950.3867,90.0554,0.0000,0.0000
8.6248,949.4614,90.0687,0.0000,0.0000
8.6350,948.0730,90.3820,0.0000,0.0000
8.6451,945.9607,90.4476,0.0000,0.0000
8.6553,943.6490,90.2981,0.0000,0.0000
8.6843,939.9612,90.3713,0.0000,0.0000
8.6866,938.8004,90.1900,0.0000,0.0000
8.6948,937.9774,90.2200,0.0000,0.0000
8.7286,937.5685,90.1590,0.0000,0.0000
8.7308,937.6014,90.2139,0.0000,0.0000
8.7359,937.5987,90.3177,0.0000,0.0000
8.7448,937.5463,90.2806,0.0000,0.0000
8.7550,937.4964,90.2241,0.0000,0.0000
8.7650,937.4919,90.1890,0.0000,0.0000
8.7753,937.1285,90.1193,0.0000,0.0000
8.7848,936.3562,90.1076,0.0000,0.0000
8.7953,935.4609,90.1178,0.0000,0.0000
8.8048,934.8181,90.1134,0.0000,0.0000
8.8152,934.3939,90.0966,0.0000,0.0000
8.8248,933.9840,90.1118,0.0000,0.0000
8.8352,933.5492,90.1342,0.0000,0.0000
8.8660,933.2943,90.1047,0.0000,0.0000
8.8681,933.3213,90.1189,0.0000,0.0000
8.8747,933.2125,90.1067,0.0000,0.0000
8.9101,933.0205,90.1198,0.0000,0.0000
8.9122,933.0832,90.1496,0.0000,0.0000
8.9147,933.1446,90.1355,0.0000,0.0000
8.9460,933.2856,90.1049,0.0000,0.0000
8.9485,933.3248,90.0769,0.0000,0.0000
8.9686,933.3769,90.1142,0.0000,0.0000
8.9707,933.3961,90.1261,0.0000,0.0000
8.9747,933.4247,90.1432,0.0000,0.0000
9.0069,933.4755,90.1148,0.0000,0.0000
9.0092,933.4812,90.0834,0.0000,0.0000
9.0150,933.4893,90.1130,0.0000,0.0000
9.0251,933.4625,90.1486,0.0000,0.0000
9.0350,933.4370,90.1431,0.0000,0.0000
9.0449,933.4385,90.1301,0.0000,0.0000
9.0688,933.4465,90.0927,0.0000,0.0000
9.0710,933.4363,90.0877,0.0000,0.0000
9.0768,933.4046,90.0999,0.0000,0.0000
9.0848,933.4019,90.1247,0.0000,0.0000
9.1194,933.4275,90.1240,0.0000,0.0000
9.1217,933.4296,90.1140,0.0000,0.0000
9.1248,933.4374,90.1364,0.0000,0.0000
9.1617,933.4576,90.1234,0.0000,0.0000
9.1638,933.4383,90.1371,0.0000,0.0000
9.1658,933.4449,90.0926,0.0000,0.0000
9.1752,933.4155,90.0858,0.0000,0.0000
9.1917,933.4092,90.1368,0.0000,0.0000
9.1949,933.3875,90.1234,0.0000,0.0000
9.2062,933.4354,90.1196,0.0000,0.0000
9.2407,933.4409,90.1118,0.0000,0.0000
9.2431,933.4224,90.1129,0.0000,0.0000
9.2452,933.4218,90.1302,0.0000,0.0000
9.2560,933.4262,90.1336,0.0000,0.0000
9.2863,933.4336,90.0947,0.0000,0.0000
9.2883,933.4135,90.0778,0.0000,0.0000
9.2948,933.4070,90.0916,0.0000,0.0000
9.3046,933.4488,90.1180,0.0000,0.0000
9.3149,933.4684,90.1782,0.0000,0.0000
9.3249,933.4600,90.1330,0.0000,0.0000
9.3520,933.4433,90.1081,0.0000,0.0000
9.3555,933.4083,90.1433,0.0000,0.0000
9.3576,933.3719,90.1234,0.0000,0.0000
9.3731,933.3672,90.1131,0.0000,0.0000
9.3753,933.4164,90.1397,0.0000,0.0000
9.3850,933.4572,90.0930,0.0000,0.0000
9.3952,933.4718,90.0814,0.0000,0.0000
9.4048,933.4673,90.1053,0.0000,0.0000
9.4151,933.4399,90.1299,0.0000,0.0000
9.4251,933.4202,90.1469,0.0000,0.0000
9.4569,933.2840,90.1361,0.0000,0.0000
9.4591,933.0755,90.0984,0.0000,0.0000
9.4651,932.8463,90.0816,0.0000,0.0000
9.4746,932.6219,90.1205,0.0000,0.0000
9.4853,932.4792,90.1497,0.0000,0.0000
9.4949,932.4468,90.1392,0.0000,0.0000
9.5051,932.4356,90.1300,0.0000,0.0000
9.5149,932.0316,90.1468,0.0000,0.0000
9.5252,931.1353,90.1109,0.0000,0.0000
9.5349,929.9253,90.0297,0.0000,0.0000
9.5452,928.7179,90.0375,0.0000,0.0000
9.5549,927.6675,89.9850,0.0000,0.0000
9.5653,926.6199,89.9726,0.0000,0.0000
9.5751,925.6617,89.8851,0.0000,0.0000
9.5852,924.9348,89.8479,0.0000,0.0000
9.5954,924.6303,90.0124,0.0000,0.0000
9.6297,924.7671,89.9361,0.0000,0.0000
9.6320,924.7320,89.9103,0.0000,0.0000
9.6351,924.4651,89.8664,0.0000,0.0000
9.6597,923.9371,89.8963,0.0000,0.0000
9.6619,922.8351,90.0421,0.0000,0.0000
9.6647,921.2801,89.9844,0.0000,0.0000
9.6751,919.6935,89.9969,0.0000,0.0000
9.6849,918.4146,89.9449,0.0000,0.0000
9.6951,917.2419,89.9170,0.0000,0.0000
9.7134,916.1635,89.9524,0.0000,0.0000
9.7166,915.3003,90.0187,0.0000,0.0000
9.7249,914.4962,90.0873,0.0000,0.0000
9.7360,913.5185,90.0390,0.0000,0.0000
9.7453,912.2942,89.9253,0.0000,0.0000
9.7550,910.6286,89.9698,0.0000,0.0000
9.7839,906.6737,90.0093,0.0000,0.0000
9.7859,904.5335,90.0578,0.0000,0.0000
9.7950,902.5315,90.1049,0.0000,0.0000
9.8048,900.7626,90.1051,0.0000,0.0000
9.8150,899.4941,90.2164,0.0000,0.0000
9.8249,898.8146,90.4434,0.0000,0.0000
9.8354,898.3943,90.5263,0.0000,0.0000
9.8677,897.3171,89.7669,0.0000,0.0000
9.8700,895.6890,89.7407,0.0000,0.0000
9.8748,893.5339,89.7952,0.0000,0.0000
9.8852,890.9138,89.8925,0.0000,0.0000
9.8950,887.5252,90.1054,0.0000,0.0000
9.9052,883.9947,90.3109,0.0000,0.0000
9.9148,880.9758,90.6263,0.0000,0.0000
9.9447,875.6187,90.2138,0.0000,0.0000
9.9470,872.6246,90.1941,0.0000,0.0000
9.9551,869.4556,90.1018,0.0000,0.0000
9.9651,867.0587,90.1087,0.0000,0.0000
9.9753,865.5533,90.2149,0.0000,0.0000
9.9851,864.1629,90.1618,0.0000,0.0000
9.9952,863.0064,90.1586,0.0000,0.0000
10.0052,862.3251,90.1650,0.0000,0.0000
10.0153,861.4542,90.1530,0.0000,0.0000
10.0251,859.1989,90.2284,0.0000,0.0000
10.0355,856.6730,90.1222,0.0000,0.0000
10.0453,854.1523,89.8672,0.0000,0.0000
10.0568,851.0245,90.1311,0.0000,0.0000
10.0649,848.0229,90.5062,0.0000,0.0000
10.0959,844.7014,90.6328,0.0000,0.0000
10.0980,843.4843,90.7718,0.0000,0.0000
10.1047,842.7899,90.6323,0.0000,0.0000
10.1393,842.5742,90.5402,0.0000,0.0000
10.1416,842.6658,90.2194,0.0000,0.0000
10.1447,842.3583,90.0126,0.0000,0.0000
10.1552,841.6598,90.1706,0.0000,0.0000
10.1648,841.1203,90.2014,0.0000,0.0000
10.1753,840.7322,90.2222,0.0000,0.0000
10.1853,840.3992,90.1367,0.0000,0.0000
10.1952,839.6039,90.0266,0.0000,0.0000
10.2052,838.0996,89.8325,0.0000,0.0000
10.2154,836.2187,89.8376,0.0000,0.0000
10.2252,834.2845,90.0603,0.0000,0.0000
10.2354,832.6507,90.1356,0.0000,0.0000
10.2452,831.4311,90.1754,0.0000,0.0000
10.2550,830.4351,90.1214,0.0000,0.0000
10.2650,829.8282,90.0735,0.0000,0.0000
10.2753,829.6656,90.0794,0.0000,0.0000
10.3077,829.0701,89.9814,0.0000,0.0000
10.3099,828.1585,89.9679,0.0000,0.0000
10.3148,826.8954,89.9005,0.0000,0.0000
10.3506,822.8537,90.2261,0.0000,0.0000
10.3529,820.6553,90.2479,0.0000,0.0000
10.3549,818.5552,90.2767,0.0000,0.0000
10.3651,816.6341,90.2624,0.0000,0.0000
10.3966,814.2694,90.5436,0.0000,0.0000
10.3988,813.4768,90.4019,0.0000,0.0000
10.4049,812.7885,90.2149,0.0000,0.0000
10.4386,811.9245,90.1243,0.0000,0.0000
10.4408,811.5383,90.2251,0.0000,0.0000
10.4456,811.0841,90.2863,0.0000,0.0000
10.4812,810.2282,90.2625,0.0000,0.0000
10.4835,809.9014,90.2374,0.0000,0.0000
10.4855,809.6209,90.2362,0.0000,0.0000
10.4948,809.3407,90.2522,0.0000,0.0000
10.5247,808.9771,90.1938,0.0000,0.0000
10.5270,808.9324,90.2541,0.0000,0.0000
10.5351,808.8712,90.2300,0.0000,0.0000
10.5451,808.8273,90.1119,0.0000,0.0000
10.5555,808.6483,89.9803,0.0000,0.0000
10.5648,808.0649,89.8248,0.0000,0.0000
10.5752,807.1044,89.7587,0.0000,0.0000
10.5851,805.9669,89.9311,0.0000,0.0000
10.6153,803.7213,90.1396,0.0000,0.0000
10.6176,802.8817,90.2378,0.0000,0.0000
10.6265,802.2714,90.2592,0.0000,0.0000
10.6602,802.4275,90.4200,0.0000,0.0000
10.6638,802.8806,90.2811,0.0000,0.0000
10.6657,803.2391,89.9468,0.0000,0.0000
10.6752,803.3828,89.9363,0.0000,0.0000
10.6849,803.4731,90.0104,0.0000,0.0000
10.6952,803.5454,90.0572,0.0000,0.0000
10.7054,803.4605,90.0176,0.0000,0.0000
10.7151,802.8960,89.9022,0.0000,0.0000
10.7249,801.6779,89.8387,0.0000,0.0000
10.7351,800.1591,89.9391,0.0000,0.0000
10.7542,798.6889,90.2878,0.0000,0.0000
10.7563,797.5634,90.4012,0.0000,0.0000
10.7651,796.8466,90.3780,0.0000,0.0000
10.7752,796.2778,90.3823,0.0000,0.0000
10.7851,795.9083,90.2729,0.0000,0.0000
10.7951,795.7824,90.3008,0.0000,0.0000
10.8050,795.8087,90.3209,0.0000,0.0000
10.8164,795.7973,90.1401,0.0000,0.0000
10.8250,795.2764,90.0549,0.0000,0.0000
10.8352,793.9771,90.1078,0.0000,0.0000
10.8450,792.2361,90.2389,0.0000,0.0000
10.8554,790.4523,90.5139,0.0000,0.0000
10.8652,788.8990,90.5510,0.0000,0.0000
10.8750,787.7625,90.5092,0.0000,0.0000
10.8849,786.7694,90.4251,0.0000,0.0000
10.8953,786.1293,90.4305,0.0000,0.0000
10.9048,785.8483,90.4375,0.0000,0.0000
10.9151,785.7422,90.4296,0.0000,0.0000
10.9251,785.5779,90.4098,0.0000,0.0000
10.9353,785.2037,90.4498,0.0000,0.0000
10.9640,783.2846,90.3210,0.0000,0.0000
10.9662,781.5430,90.3870,0.0000,0.0000
10.9752,779.8130,90.4511,0.0000,0.0000
11.0085,777.2770,90.4682,0.0000,0.0000
11.0107,776.2733,90.5634,0.0000,0.0000
11.0147,775.7259,90.5715,0.0000,0.0000
11.0252,775.7149,90.6642,0.0000,0.0000
11.0350,775.9024,90.6107,0.0000,0.0000
11.0455,776.0702,90.4244,0.0000,0.0000
11.0552,775.9480,90.3959,0.0000,0.0000
11.0652,775.5641,90.3355,0.0000,0.0000
11.0754,774.3493,90.2276,0.0000,0.0000
11.0863,772.6424,90.2440,0.0000,0.0000
11.1151,769.8063,90.3739,0.0000,0.0000
11.1175,769.0572,90.3608,0.0000,0.0000
11.1257,768.1926,90.3658,0.0000,0.0000
11.1592,766.6777,90.3291,0.0000,0.0000
11.1615,766.6120,90.5171,0.0000,0.0000
11.1656,766.6121,90.3883,0.0000,0.0000
11.2019,766.5389,90.2950,0.0000,0.0000
11.2043,766.5484,90.2668,0.0000,0.0000
11.2063,766.6817,90.3401,0.0000,0.0000
11.2159,766.8452,90.2893,0.0000,0.0000
11.2259,766.8838,90.3330,0.0000,0.0000
11.2356,766.8412,90.3441,0.0000,0.0000
11.2457,766.5267,90.3483,0.0000,0.0000
11.2556,765.8184,90.4564,0.0000,0.0000
11.2656,764.6192,90.4168,0.0000,0.0000
11.2753,762.9979,90.4015,0.0000,0.0000
11.2953,761.9766,90.3441,0.0000,0.0000
11.2975,761.0853,90.2962,0.0000,0.0000
11.3057,760.2211,90.3137,0.0000,0.0000
11.3152,759.3593,90.3469,0.0000,0.0000
11.3251,758.9070,90.5144,0.0000,0.0000
11.3351,758.8439,90.6558,0.0000,0.0000
11.3453,758.8570,90.5118,0.0000,0.0000
11.3555,758.2220,90.3571,0.0000,0.0000
11.3653,757.0817,90.4283,0.0000,0.0000
11.3754,755.4570,90.6041,0.0000,0.0000
11.3857,753.5402,90.7945,0.0000,0.0000
11.3954,751.3451,90.9901,0.0000,0.0000
11.4052,749.4273,90.9425,0.0000,0.0000
11.4154,748.1425,90.8159,0.0000,0.0000
11.4269,746.9261,90.7117,0.0000,0.0000
11.4590,745.4231,90.9320,0.0000,0.0000
11.4613,745.0053,90.9282,0.0000,0.0000
11.4650,744.4316,90.9721,0.0000,0.0000
11.4874,743.3292,91.0400,0.0000,0.0000
11.4901,741.2610,91.1436,0.0000,0.0000
11.4952,738.7152,91.2443,0.0000,0.0000
11.5056,735.9272,91.3772,0.0000,0.0000
11.5415,731.3038,91.6883,0.0000,0.0000
11.5438,729.8104,91.5056,0.0000,0.0000
11.5469,728.2132,91.5470,0.0000,0.0000
11.5554,726.2377,91.6496,0.0000,0.0000
11.5648,723.1748,91.5011,0.0000,0.0000
11.5751,719.4965,91.4281,0.0000,0.0000
11.5854,715.8823,91.6526,0.0000,0.0000
