time[s], wr_x[mm], wr_y[mm] 
0.0003,-522.7178,162.1899
0.0262,-522.7212,162.1813
0.0283,-522.7158,162.1946
0.0356,-522.6750,162.0801
0.0458,-522.5376,161.5583
0.0557,-522.4268,160.6104
0.0658,-522.2690,159.3276
0.0756,-522.1845,157.6414
0.0957,-522.1240,155.7775
0.0964,-521.9306,153.8627
0.1059,-521.7708,151.8950
0.1268,-521.6561,149.9619
0.1277,-521.7028,148.0080
0.1355,-521.6481,145.9100
0.1586,-521.5578,143.6998
0.1594,-521.5403,141.4367
0.1660,-521.4361,139.2317
0.1895,-521.2966,137.0258
0.1904,-521.1893,134.6605
0.1957,-521.0829,132.2585
0.2254,-520.7416,127.7398
0.2260,-520.7993,125.4222
0.2365,-520.7659,123.1394
0.2563,-520.6639,120.9544
0.2572,-520.7281,118.6428
0.2674,-520.6442,116.2200
0.2875,-520.4713,113.9282
0.2882,-520.4926,111.6519
0.2959,-520.4301,109.3256
0.3186,-520.1945,106.9599
0.3195,-520.0652,104.4958
0.3257,-519.8690,102.0402
0.3502,-519.4964,99.6938
0.3509,-519.3213,97.2827
0.3559,-519.1725,94.7970
0.3830,-518.8920,92.4162
0.3839,-518.7953,90.0778
0.3858,-518.6810,87.7027
0.3959,-518.3736,85.3485
0.4141,-518.1353,82.9498
0.4157,-517.9125,80.4968
0.4257,-517.6107,78.1408
0.4471,-517.3828,75.9022
0.4479,-517.2831,73.6826
0.4560,-516.9088,71.4306
0.4658,-516.4023,69.0840
0.4758,-516.1164,66.7061
0.4857,-515.8010,64.4005
0.4959,-515.4502,62.0372
0.5056,-515.1967,59.6030
0.5228,-514.8785,57.1751
0.5257,-514.5190,54.8228
0.5358,-514.2155,52.4409
0.5544,-513.8669,50.0091
0.5556,-513.4582,47.6128
0.5657,-513.0695,45.2082
0.5859,-512.6516,42.8187
0.5865,-512.1606,40.3711
0.5959,-511.7902,37.9519
0.6066,-511.4584,35.5754
0.6159,-511.0311,33.2075
0.6258,-510.5038,30.7240
0.6486,-510.1066,28.2464
0.6494,-509.7378,25.8105
0.6559,-509.1311,23.3672
0.6795,-508.6333,20.9227
0.6804,-508.2983,18.4850
0.6857,-507.6317,16.0156
0.7110,-507.2174,13.4836
0.7117,-506.6863,10.9465
0.7158,-506.1093,8.4261
0.7405,-505.6879,5.9148
0.7414,-505.2052,3.3895
0.7456,-504.5908,0.8618
0.7559,-504.0201,-1.6193
0.7724,-503.5484,-4.0946
0.7761,-502.8603,-6.5414
0.7858,-502.0992,-8.7989
0.8031,-501.8553,-11.3166
0.8056,-501.2355,-13.7051
0.8158,-499.9987,-15.9438
0.8346,-499.6999,-18.3582
0.8358,-499.5628,-20.8252
0.8457,-498.6190,-23.1001
0.8660,-497.7484,-25.3112
0.8667,-497.4593,-27.7661
0.8758,-496.6258,-30.1488
0.8977,-495.8910,-32.5105
0.8987,-495.5328,-34.9845
0.9057,-494.7681,-37.3444
0.9292,-494.1783,-39.6887
0.9299,-493.6237,-42.1785
0.9359,-492.7157,-44.5833
0.9602,-492.0507,-47.0149
0.9612,-491.5733,-49.5292
0.9657,-490.7757,-51.8764
0.9761,-490.1313,-54.1555
0.9857,-489.6763,-56.5590
0.9959,-488.8237,-58.8757
1.0057,-488.0385,-61.2160
1.0158,-487.6648,-63.7133
1.0257,-486.9192,-66.0320
1.0358,-486.0602,-68.3769
1.0456,-485.2997,-70.9099
1.0709,-484.3761,-73.3994
1.0716,-483.5426,-75.8893
1.0758,-482.7249,-78.4046
1.0857,-481.8642,-80.8011
1.1025,-481.0488,-83.2865
1.1056,-480.1331,-85.7826
1.1158,-479.1837,-88.3160
1.1337,-478.2491,-90.8551
1.1358,-477.4245,-93.3507
1.1456,-476.6583,-95.8041
1.1653,-475.9080,-98.1954
1.1659,-475.0092,-100.4116
1.1758,-474.2745,-102.6475
1.1962,-473.4136,-104.9089
1.1971,-472.4563,-107.0817
1.2057,-471.7488,-109.2995
1.2278,-471.0093,-111.5627
1.2285,-469.9333,-113.8185
1.2358,-469.1828,-116.1106
1.2580,-468.4780,-118.4920
1.2589,-467.3141,-120.8279
1.2656,-466.3349,-123.2016
1.2758,-465.6343,-125.6234
1.2856,-464.5655,-127.9122
1.3035,-463.3628,-130.1776
1.3056,-462.6026,-132.6189
1.3159,-461.6172,-135.0330
1.3334,-460.3830,-137.3834
1.3357,-459.6513,-139.7466
1.3457,-458.8786,-142.0250
1.3698,-457.6744,-144.2483
1.3705,-456.7693,-146.5583
1.3758,-455.9859,-148.8675
1.4007,-454.8540,-151.0539
1.4016,-453.8377,-153.3412
1.4055,-453.1214,-155.7633
1.4158,-452.2038,-158.1144
1.4256,-451.1989,-160.3846
1.4358,-450.4618,-162.7039
1.4539,-449.4563,-164.9852
1.4612,-448.3485,-167.1872
1.4771,-447.4067,-169.4525
1.4781,-446.3775,-171.6689
1.4856,-445.2644,-173.8294
1.5086,-444.3707,-176.1106
1.5093,-443.4045,-178.4051
1.5158,-442.2090,-180.6122
1.5400,-441.3063,-182.8669
1.5409,-440.4080,-185.0758
1.5456,-439.3245,-187.1643
1.5713,-438.4487,-189.3818
1.5721,-437.5212,-191.5987
1.5758,-436.4037,-193.6588
1.5857,-435.4094,-195.8370
1.6027,-434.2922,-198.0942
1.6058,-433.2553,-200.1534
1.6158,-432.2741,-202.2364
1.6339,-431.3441,-204.3635
1.6357,-430.2205,-206.4591
1.6457,-429.1266,-208.6810
1.6652,-428.0733,-210.8923
1.6659,-426.9345,-213.0542
1.6758,-425.8005,-215.3064
1.6963,-424.6990,-217.5436
1.6973,-423.5356,-219.6112
1.7056,-422.5258,-221.7722
1.7279,-421.4348,-224.0643
1.7285,-420.2849,-226.2210
1.7358,-419.1628,-228.3995
1.7589,-417.9725,-230.6320
1.7599,-416.8520,-232.9116
1.7656,-415.6744,-235.2184
1.7895,-414.4880,-237.4760
1.7902,-413.3902,-239.6564
1.7958,-412.2362,-241.9024
1.8058,-410.9584,-244.1652
1.8158,-409.6492,-246.3330
1.8348,-408.4004,-248.6335
1.8357,-407.0994,-251.0392
1.8456,-405.7234,-253.2222
1.8658,-404.4877,-255.4547
1.8668,-403.2082,-257.7001
1.8759,-401.9972,-259.8092
1.8856,-400.7404,-261.9208
1.8960,-399.4829,-264.1368
1.9057,-398.0790,-266.2577
1.9158,-396.7199,-268.4061
1.9325,-395.4429,-270.6866
1.9358,-394.0778,-272.8463
1.9455,-392.7216,-275.0021
1.9641,-391.3386,-277.2351
1.9655,-390.0193,-279.4269
1.9758,-388.7585,-281.5645
1.9954,-387.3618,-283.7234
1.9963,-385.9649,-285.7654
2.0058,-384.6643,-287.8422
2.0265,-383.2456,-289.9312
2.0271,-381.7076,-292.0102
2.0357,-380.2603,-294.1172
2.0456,-378.8968,-296.2167
2.0679,-377.5336,-298.3057
2.0686,-376.1305,-300.4342
2.0760,-374.7814,-302.5875
2.0991,-373.4200,-304.6180
2.0999,-372.0160,-306.6981
2.1056,-370.6552,-308.8140
2.1304,-369.4163,-310.7944
2.1312,-368.0389,-312.6451
2.1358,-366.6828,-314.6453
2.1457,-365.2104,-316.6236
2.1617,-363.6276,-318.5826
2.1660,-362.1580,-320.6717
2.1759,-360.6655,-322.6323
2.1936,-359.0474,-324.6039
2.1959,-357.5760,-326.6663
2.2057,-356.0008,-328.5512
2.2252,-354.2081,-330.3266
2.2259,-352.6665,-332.3879
2.2358,-351.0477,-334.3882
2.2564,-349.3577,-336.2301
2.2574,-347.8612,-338.2716
2.2676,-346.3179,-340.2956
2.2876,-344.6421,-342.0547
2.2883,-343.0422,-343.9725
2.2958,-341.4301,-345.9159
2.3193,-339.7625,-347.6753
2.3202,-338.2242,-349.5767
2.3256,-336.5888,-351.5501
2.3358,-334.8111,-353.3022
2.3456,-333.1573,-355.1824
2.3651,-331.6183,-357.1548
2.3659,-329.9174,-358.9080
2.3759,-328.2740,-360.7844
2.4022,-326.6643,-362.7796
2.4032,-324.7980,-364.5186
2.4056,-323.0910,-366.3851
2.4159,-321.5170,-368.5242
2.4335,-319.7753,-370.2854
2.4358,-317.9807,-372.0197
2.4457,-316.2879,-374.0754
2.4651,-314.4664,-376.0293
2.4658,-312.6799,-377.8409
2.4758,-310.9221,-379.7670
2.4961,-309.2259,-381.6691
2.4970,-307.4807,-383.5901
2.5056,-305.7187,-385.4711
2.5279,-304.0042,-387.3515
2.5286,-302.2034,-389.2125
2.5358,-300.4259,-391.0891
2.5591,-298.6111,-392.9281
2.5653,-296.6837,-394.7561
2.5660,-294.7832,-396.5582
2.5905,-292.9572,-398.3622
2.5912,-291.1175,-400.1217
2.5958,-289.2654,-401.7994
2.6059,-287.5994,-403.5517
2.6158,-285.8848,-405.2396
2.6256,-284.0077,-406.8792
2.6358,-282.2389,-408.6736
2.6619,-280.3987,-410.4529
2.6628,-278.4751,-412.0419
2.6656,-276.7605,-413.8655
2.6769,-274.9322,-415.6991
2.6931,-273.0141,-417.3355
2.6958,-271.2045,-419.0644
2.7057,-269.2764,-420.7811
2.7247,-267.2849,-422.3773
2.7256,-265.5106,-424.1122
2.7360,-263.6594,-425.7612
2.7559,-261.7623,-427.2665
2.7568,-259.9633,-429.0061
2.7657,-257.9053,-430.6144
2.7872,-255.9536,-432.2469
2.7879,-254.0998,-434.0410
2.7959,-251.9688,-435.6920
2.8057,-249.9060,-437.2989
2.8159,-248.1291,-438.9777
2.8341,-246.0972,-440.5047
2.8357,-244.1593,-442.0779
2.8455,-242.3568,-443.5847
2.8807,-238.3242,-446.5705
2.8814,-236.3199,-448.0982
2.8859,-234.3461,-449.6799
2.8956,-232.4236,-451.2068
2.9127,-230.5387,-452.6281
2.9156,-228.5817,-454.0784
2.9259,-226.5098,-455.4452
2.9357,-224.3932,-456.7681
2.9527,-222.3127,-458.2351
2.9557,-220.2925,-459.7324
2.9658,-218.2420,-461.0115
2.9839,-216.2783,-462.3749
2.9856,-214.3144,-463.8949
2.9957,-212.4282,-465.2849
3.0060,-210.6721,-466.5461
3.0157,-208.8421,-467.9040
3.0259,-206.9211,-469.2516
3.0470,-205.2063,-470.4811
3.0480,-203.4433,-471.7766
3.0558,-201.5044,-473.0462
3.0790,-199.4254,-474.2278
3.0797,-197.3290,-475.5469
3.0858,-195.2797,-477.0535
3.1102,-193.1637,-478.3695
3.1112,-190.9702,-479.5219
3.1157,-188.7834,-480.9539
3.1415,-186.6516,-482.4138
3.1423,-184.5611,-483.6361
3.1458,-182.4964,-485.0249
3.1556,-180.5213,-486.5350
3.1737,-178.4483,-487.7257
3.1757,-176.4024,-488.9662
3.1862,-174.4294,-490.4774
3.2044,-172.4129,-491.6690
3.2057,-170.4739,-492.9088
3.2159,-168.4422,-494.3471
3.2358,-166.2847,-495.5503
3.2366,-164.3344,-496.7366
3.2460,-162.2611,-498.0459
3.2713,-159.9431,-499.2461
3.2723,-157.6893,-500.4938
3.2757,-155.5164,-501.7654
3.2859,-153.3841,-503.0638
3.3026,-151.2112,-504.2789
3.3058,-149.1158,-505.5781
3.3157,-146.9003,-506.8401
3.3340,-144.7135,-508.0347
3.3355,-142.5356,-509.2929
3.3459,-140.3305,-510.5455
3.3650,-138.1310,-511.6879
3.3659,-135.9626,-512.8794
3.3757,-133.6683,-514.1308
3.3947,-131.4037,-515.3329
3.3954,-129.2919,-516.5947
3.4059,-127.0071,-517.6992
3.4299,-124.6416,-518.8406
3.4308,-122.3715,-520.0850
3.4356,-120.0149,-521.1717
3.4459,-117.5348,-522.2260
3.4687,-115.2975,-523.4947
3.4697,-113.0215,-524.7205
3.4758,-110.6386,-525.8179
3.5001,-108.3971,-527.0278
3.5009,-106.0858,-528.2943
3.5058,-103.7448,-529.4369
3.5312,-101.6075,-530.6995
3.5321,-99.4210,-531.9063
3.5363,-96.9883,-532.8795
3.5458,-94.7133,-534.0601
3.5631,-92.3760,-535.3438
3.5658,-89.9365,-536.3726
3.5756,-87.7667,-537.5092
3.5945,-85.6390,-538.7025
3.5955,-83.3021,-539.7568
3.6060,-80.9704,-540.8155
3.6256,-78.7331,-541.8225
3.6266,-76.3449,-542.7660
3.6356,-73.9900,-543.9021
3.6574,-71.7452,-544.9488
3.6581,-69.2839,-545.7765
3.6659,-66.9114,-546.8487
3.6882,-64.7070,-547.9587
3.6892,-62.3516,-548.8195
3.6957,-59.9437,-549.7233
3.7058,-57.6811,-550.7590
3.7156,-55.3235,-551.6910
3.7260,-52.8922,-552.5844
3.7511,-50.6379,-553.6846
3.7521,-48.4186,-554.6818
3.7555,-46.1806,-555.4824
3.7657,-43.9611,-556.5337
3.7821,-41.6284,-557.4506
3.7859,-39.2761,-558.2781
3.7957,-37.0804,-559.3008
3.8136,-34.7480,-560.2621
3.8162,-32.3462,-561.0778
3.8259,-30.0765,-562.0267
3.8450,-27.7503,-562.9183
3.8459,-25.1982,-563.6663
3.8557,-22.8008,-564.5765
3.8821,-20.5143,-565.5457
3.8829,-18.1767,-566.3309
3.8860,-16.0005,-567.2711
3.8968,-13.9241,-568.3119
3.9133,-11.6428,-569.1947
3.9156,-9.2817,-570.1308
3.9258,-7.0342,-571.1688
3.9358,-4.7762,-571.9966
3.9586,-2.6475,-572.7183
3.9593,-0.5365,-573.5423
3.9657,1.7229,-574.3564
3.9757,4.0180,-575.0838
3.9859,6.4310,-575.7603
4.0019,8.9357,-576.4134
4.0058,11.3888,-577.2531
4.0157,13.8505,-578.0514
4.0258,16.4322,-578.7233
4.0356,19.0292,-579.4333
4.0458,21.4415,-580.4131
4.0556,23.8905,-581.1994
4.0656,26.3537,-581.8484
4.0757,28.6639,-582.8120
4.0959,30.9419,-583.5711
4.0966,33.3356,-584.1160
4.1061,35.6994,-584.9405
4.1271,38.0876,-585.6706
4.1280,40.4374,-586.3014
4.1357,42.7971,-587.2149
4.1586,45.2971,-587.9754
4.1593,47.6760,-588.6263
4.1658,49.9242,-589.4473
4.1896,52.3313,-590.1720
4.1908,54.8342,-590.7439
4.1958,57.2091,-591.4535
4.2212,59.6375,-592.1990
4.2219,62.1078,-592.7334
4.2259,64.4202,-593.5018
4.2356,66.7630,-594.2722
4.2523,69.1495,-594.7544
4.2556,71.5179,-595.4725
4.2658,73.9869,-596.1557
4.2847,76.5669,-596.5768
4.2856,78.9591,-597.2816
4.2958,81.4774,-597.9204
4.3163,84.0468,-598.4515
4.3171,86.4292,-599.1483
4.3259,88.8364,-599.7994
4.3473,91.4112,-600.2041
4.3482,93.8246,-600.9140
4.3556,96.1852,-601.6147
4.3789,98.7165,-601.9898
4.3796,101.2670,-602.5018
4.3859,103.7021,-603.1114
4.4109,106.2913,-603.4745
4.4118,108.8028,-603.9454
4.4157,111.2139,-604.6139
4.4259,113.6608,-604.9562
4.4356,116.1321,-605.3333
4.4458,118.6220,-605.9409
4.4556,121.1062,-606.2344
4.4659,123.4775,-606.7051
4.4902,125.8667,-607.4378
4.4911,128.4222,-607.7758
4.4956,130.8757,-608.1229
4.5058,133.2330,-608.7798
4.5162,135.7736,-609.2862
4.5355,138.2704,-609.6053
4.5362,140.5977,-610.1913
4.5459,143.0033,-610.6186
4.5670,145.3773,-610.9160
4.5680,147.7303,-611.3661
4.5756,150.1905,-611.6123
4.5985,152.5898,-611.8073
4.5992,154.8688,-612.3655
4.6058,157.3387,-612.7993
4.6300,159.8488,-613.0283
4.6309,162.1805,-613.5634
4.6356,164.6320,-613.9258
4.6612,167.1057,-614.0735
4.6619,169.3949,-614.5251
4.6658,171.6985,-614.8633
4.6757,174.2099,-614.9499
4.6924,176.6833,-615.2582
4.6957,179.1240,-615.5877
4.7058,181.4853,-615.7161
4.7240,183.8849,-615.9495
4.7257,186.3451,-616.0981
4.7356,188.9039,-616.1146
4.7561,191.4609,-616.2107
4.7568,194.1027,-616.3734
4.7658,196.7313,-616.5284
4.7876,199.1662,-616.7862
4.7885,201.6358,-617.0156
4.7956,204.1564,-617.1452
4.8191,206.6400,-617.3030
4.8199,209.0747,-617.5097
4.8258,211.5446,-617.5172
4.8503,213.8448,-617.5826
4.8512,216.0819,-617.9207
4.8557,218.5173,-617.9498
4.8661,220.9782,-617.9296
4.8756,223.4163,-618.2318
4.8859,225.8676,-618.3054
4.8956,228.3648,-618.2597
4.9134,230.8722,-618.5044
4.9156,233.4823,-618.7339
4.9259,236.0625,-618.7035
4.9356,238.6186,-618.8352
4.9458,241.2597,-618.9485
4.9557,243.7373,-618.8096
4.9658,246.1014,-619.0711
4.9755,248.5947,-619.2882
4.9858,251.0455,-619.1559
4.9956,253.4025,-619.2821
5.0057,255.8161,-619.4478
5.0156,258.3827,-619.3613
5.0373,260.7727,-619.5581
5.0379,263.1791,-619.7135
5.0459,265.6370,-619.5901
5.0688,268.0365,-619.6492
5.0696,270.4072,-619.7721
5.0757,272.8192,-619.6974
5.1001,275.2313,-619.6491
5.1009,277.7110,-619.7088
5.1059,280.2761,-619.6193
5.1156,282.7593,-619.5920
5.1258,285.2101,-619.5036
5.1356,287.7065,-619.4536
5.1458,290.1828,-619.4265
5.1626,292.6422,-619.3400
5.1659,295.2257,-619.1313
5.1756,297.7205,-618.9104
5.1939,300.1592,-618.8190
5.1955,302.5833,-618.6324
5.2058,305.0443,-618.3857
5.2250,307.4364,-618.3523
5.2259,309.9248,-618.2757
5.2357,312.4909,-617.9782
5.2457,315.0279,-617.7706
5.2557,317.5537,-617.7668
5.2727,320.1077,-617.5651
5.2757,322.5668,-617.2774
5.2858,325.0591,-617.2148
5.3037,327.5469,-617.0220
5.3057,329.9265,-616.8734
5.3156,332.4257,-616.6888
5.3354,334.9548,-616.4101
5.3362,337.3564,-616.1657
5.3459,339.8090,-615.9600
5.3663,342.3577,-615.6512
5.3673,344.8762,-615.3577
5.3757,347.2973,-615.2104
5.3858,349.8041,-614.8716
5.3955,352.3389,-614.5631
5.4059,354.7636,-614.5155
5.4289,357.2418,-614.2355
5.4298,359.7506,-613.7852
5.4357,362.2301,-613.6389
5.4603,364.7572,-613.3435
5.4610,367.2688,-612.8804
5.4659,369.7626,-612.5720
5.4758,372.3536,-612.2778
5.4859,374.9399,-611.9047
5.4956,377.4503,-611.5586
5.5057,380.0199,-611.1615
5.5377,385.1432,-610.4978
5.5386,387.6667,-610.0890
5.5457,390.1491,-609.6055
5.5681,392.6501,-609.4339
5.5688,395.1124,-609.1257
5.5759,397.5057,-608.4716
5.5857,399.9803,-608.0877
5.5959,402.4606,-607.8130
5.6067,404.7853,-607.2892
5.6159,407.1523,-607.0913
5.6328,409.6131,-606.8138
5.6359,411.9351,-606.1075
5.6456,414.3765,-605.7183
5.6641,416.9929,-605.3224
5.6655,419.5874,-604.5400
5.6759,422.1072,-604.1082
5.6940,424.6238,-603.7973
5.6957,427.0439,-603.2166
5.7057,429.4121,-602.8433
5.7262,431.7514,-602.5111
5.7268,434.0298,-601.8719
5.7359,436.3990,-601.4567
5.7573,438.7688,-601.0806
5.7582,441.0614,-600.5337
5.7657,443.5049,-600.0812
5.7887,446.0709,-599.6012
5.7894,448.4987,-598.8885
5.7959,450.9532,-598.3478
5.8198,453.4785,-597.9163
5.8207,455.9491,-597.2223
5.8257,458.3949,-596.6324
5.8512,460.8146,-596.2227
5.8519,463.2457,-595.4762
5.8559,465.6971,-594.8030
5.8657,468.1913,-594.3510
5.8827,470.6733,-593.5568
5.8858,473.1179,-592.8820
5.8959,475.6054,-592.4313
5.9136,477.9636,-591.6018
5.9157,480.3287,-590.9228
5.9256,482.7667,-590.4041
5.9455,485.0838,-589.6656
5.9463,487.3473,-589.0043
5.9559,489.7563,-588.4804
5.9778,492.1280,-587.8073
5.9788,494.3509,-587.0481
5.9857,496.6517,-586.6376
5.9957,499.0384,-585.9963
6.0056,501.3012,-585.0290
6.0157,503.5679,-584.4068
6.0531,508.1942,-582.9684
6.0541,510.4619,-582.2458
6.0555,512.7814,-581.5276
6.0659,515.0241,-580.6152
6.0842,517.3035,-579.9825
6.0863,519.6912,-579.1999
6.0954,522.0418,-578.3207
6.1192,524.3670,-577.6646
6.1199,526.7552,-576.9526
6.1258,529.2162,-575.9504
6.1507,531.5650,-575.1630
6.1517,533.8995,-574.4330
6.1558,536.2919,-573.5602
6.1660,538.5938,-572.7201
6.1821,540.8636,-571.8925
6.1858,543.1496,-570.9304
6.1956,545.5045,-569.9472
6.2135,547.9383,-568.9467
6.2156,550.2859,-567.9627
6.2259,552.6003,-567.0138
6.2445,554.9968,-566.0999
6.2457,557.3781,-565.1609
6.2558,559.7023,-564.1000
6.2760,562.0205,-563.0704
6.2768,564.3812,-562.1607
6.2859,566.7153,-561.3165
6.3185,571.2230,-559.2543
6.3195,573.4860,-558.2582
6.3256,575.7457,-557.3495
6.3501,577.9471,-556.1942
6.3508,580.2122,-555.1929
6.3558,582.5606,-554.3488
6.3812,584.8334,-553.2313
6.3821,587.0720,-552.1708
6.3857,589.4453,-551.2694
6.3958,591.7028,-550.1103
6.4124,593.8886,-549.0231
6.4158,596.1912,-548.1729
6.4256,598.4229,-547.0152
6.4439,600.6032,-545.8996
6.4455,602.8689,-544.9682
6.4558,605.0545,-543.8391
6.4750,607.2723,-542.6658
6.4759,609.4970,-541.7922
6.4858,611.7076,-540.6364
6.5065,613.9680,-539.4871
6.5072,616.3771,-538.4128
6.5158,618.7351,-537.1806
6.5374,621.0227,-536.0458
6.5383,623.2979,-535.1542
6.5455,625.5328,-534.0399
6.5681,627.6646,-532.8317
6.5688,629.8655,-531.7673
6.5759,632.1165,-530.4546
6.5997,634.4039,-529.1605
6.6007,636.6315,-527.9986
6.6056,638.7932,-526.7565
6.6365,643.0051,-524.5319
6.6372,645.1006,-523.1835
6.6458,647.2311,-521.9297
6.6675,649.3185,-520.8298
6.6684,651.3198,-519.6777
6.6756,653.3134,-518.5472
6.6859,655.3426,-517.3998
6.6956,657.3718,-516.0670
6.7148,659.4511,-514.8062
6.7155,661.4557,-513.6642
6.7258,663.5111,-512.4053
6.7458,665.6085,-511.1000
6.7467,667.6642,-509.8972
6.7556,669.7538,-508.5654
6.7773,671.8708,-507.2065
6.7780,673.8474,-505.7906
6.7857,675.8279,-504.4497
6.8085,677.9138,-503.1476
6.8094,679.8459,-501.8271
6.8156,681.7989,-500.5068
6.8399,683.8857,-499.3145
6.8406,685.9132,-498.1272
6.8458,687.8428,-496.6730
6.8709,689.9775,-495.3390
6.8718,692.0984,-494.1284
6.8755,694.1132,-492.7432
6.8864,696.2286,-491.4104
6.8956,698.2860,-490.1169
6.9282,702.1629,-487.4936
6.9289,704.1773,-485.9585
6.9359,706.1063,-484.3278
6.9456,708.1828,-482.9110
6.9558,710.2343,-481.3900
6.9656,712.2131,-479.8702
6.9756,714.3174,-478.4372
6.9856,716.3077,-477.0465
6.9959,718.2196,-475.5793
7.0056,720.3087,-474.1070
7.0224,722.3673,-472.5430
7.0257,724.2907,-470.9730
7.0358,726.3056,-469.4435
7.0456,728.2561,-467.9500
7.0558,730.2131,-466.3867
7.0656,732.1809,-464.8027
7.0851,734.1398,-463.2185
7.0858,735.9829,-461.5677
7.0959,738.0231,-459.9455
7.1056,739.9711,-458.2747
7.1158,741.7929,-456.5982
7.1256,743.8703,-455.0260
7.1359,745.9227,-453.5152
7.1456,747.7679,-451.9458
7.1558,749.7283,-450.2816
7.1690,751.6523,-448.5865
7.1759,753.5087,-447.0377
7.2006,755.4615,-445.4381
7.2016,757.3411,-443.6573
7.2056,759.1743,-441.9678
7.2158,761.1235,-440.3171
7.2323,763.0698,-438.6323
7.2357,764.8908,-436.8401
7.2455,766.8921,-435.1158
7.2640,768.9109,-433.3732
7.2662,770.8109,-431.5337
7.2758,772.7086,-429.7273
7.2949,774.6990,-428.0246
7.2959,776.5456,-426.2446
7.3056,778.3359,-424.4153
7.3264,780.3232,-422.6318
7.3272,782.2069,-420.8088
7.3358,783.9860,-418.8712
7.3580,785.9073,-416.9332
7.3591,787.8167,-415.1595
7.3657,789.6137,-413.2678
7.3894,791.3999,-411.2850
7.3901,793.2530,-409.4625
7.3958,795.0284,-407.6718
7.4205,796.7296,-405.7447
7.4214,798.5668,-403.9649
7.4256,800.3830,-402.0985
7.4358,802.0996,-400.1511
7.4522,803.9614,-398.5152
7.4559,805.7614,-396.8140
7.4656,807.3653,-394.8633
7.4838,809.0195,-393.1393
7.4855,810.8192,-391.3270
7.4959,812.4808,-389.2126
7.5142,814.1868,-387.3901
7.5157,815.9963,-385.6945
7.5256,817.6423,-383.7712
7.5357,819.3713,-381.9910
7.5540,821.1485,-380.3843
7.5557,822.7827,-378.6268
7.5670,824.5163,-376.9507
7.5855,826.2028,-375.2933
7.5863,827.8508,-373.6532
7.5958,829.4637,-372.0723
7.6158,831.1189,-370.3943
7.6168,832.8089,-368.5533
7.6256,834.3683,-366.7319
7.6358,835.9440,-364.9769
7.6616,837.5461,-363.1642
7.6626,838.9931,-361.0388
7.6656,840.5681,-359.0399
7.6758,842.2065,-357.0809
7.6919,843.5688,-355.0568
7.6959,845.0834,-353.1398
7.7056,846.6976,-351.2764
7.7158,848.0794,-349.3387
7.7354,849.5917,-347.4796
7.7364,851.3263,-345.6682
7.7456,852.7596,-343.7000
7.7670,854.1512,-341.8220
7.7677,855.7967,-340.0456
7.7758,857.1977,-338.0684
7.7856,858.5388,-336.0987
7.7958,860.0927,-334.3290
7.8137,861.4859,-332.2671
7.8157,862.8283,-330.2693
7.8257,864.3306,-328.4877
7.8452,865.6931,-326.5152
7.8459,867.0477,-324.4478
7.8558,868.5936,-322.5896
7.8762,870.0149,-320.5859
7.8772,871.4276,-318.5231
7.8856,872.9555,-316.5354
7.9079,874.4167,-314.4370
7.9087,875.7897,-312.3176
7.9159,877.3061,-310.4241
7.9387,878.6961,-308.2757
7.9396,880.0974,-306.1947
7.9456,881.5681,-304.3109
7.9703,882.8990,-302.2272
7.9710,884.2715,-300.0447
7.9758,885.8663,-298.0751
7.9857,887.2732,-295.9565
7.9958,888.5780,-293.7097
8.0057,889.9504,-291.6197
8.0158,891.2864,-289.5148
8.0257,892.6164,-287.3946
8.0360,893.9210,-285.2822
8.0457,895.3676,-283.2476
8.0647,896.7582,-281.1622
8.0655,898.0820,-279.1113
8.0760,899.3624,-276.8911
8.0957,900.6116,-274.6754
8.0971,901.8304,-272.6831
8.1058,903.1513,-270.7387
8.1265,904.4500,-268.6650
8.1272,905.6054,-266.5680
8.1360,906.7986,-264.4091
8.1582,908.1270,-262.2810
8.1593,909.3033,-260.1441
8.1656,910.4861,-257.9783
8.1935,911.7434,-255.8804
8.1943,912.7983,-253.7730
8.1958,913.9716,-251.5436
8.2056,915.2860,-249.3573
8.2358,917.5142,-245.0517
8.2365,918.8363,-242.9096
8.2460,919.8615,-240.6759
8.2667,920.8656,-238.4038
8.2679,922.0994,-236.0754
8.2757,923.2421,-233.9325
8.2983,924.3961,-231.8016
8.2990,925.5764,-229.6296
8.3059,926.6259,-227.4024
8.3294,927.6829,-225.2395
8.3304,928.8188,-223.0191
8.3356,929.8766,-220.8341
8.3612,930.9124,-218.4837
8.3620,932.0625,-216.0759
8.3659,933.0574,-213.6080
8.3757,934.0595,-211.2295
8.3928,935.2401,-208.9539
8.3956,936.1985,-206.7533
8.4060,937.1654,-204.5200
8.4237,938.1353,-202.1082
8.4258,939.0389,-199.6989
8.4356,939.9657,-197.3981
8.4460,941.0230,-195.0583
8.4555,942.0996,-192.7481
8.4660,943.1783,-190.5428
8.4862,944.2152,-188.2828
8.4874,945.1888,-186.1507
8.4956,946.0239,-183.9856
8.5178,946.8283,-181.6504
8.5185,947.7210,-179.4043
8.5259,948.6559,-177.1842
8.5490,949.6202,-174.8074
8.5500,950.6689,-172.5880
8.5557,951.7407,-170.4755
8.5811,952.6422,-168.1331
8.5819,953.4448,-165.6897
8.5859,954.4220,-163.4735
8.5956,955.3459,-161.1458
8.6060,956.1435,-158.6940
8.6156,957.0555,-156.3028
8.6259,957.9161,-153.8865
8.6439,958.7327,-151.5939
8.6457,959.7827,-149.3936
8.6557,960.6910,-147.1139
8.6745,961.4901,-144.7851
8.6756,962.3452,-142.5154
8.6860,963.0783,-140.0675
8.7099,963.8963,-137.6864
8.7110,964.7772,-135.3809
8.7156,965.5071,-132.9426
8.7406,966.3710,-130.4863
8.7414,967.2948,-128.2211
8.7459,968.0608,-125.8489
8.7559,968.8793,-123.3993
8.7718,969.6011,-120.9266
8.7756,970.3110,-118.4765
8.7857,971.0720,-116.0218
8.8027,971.8064,-113.5258
8.8058,972.4951,-111.0190
8.8156,973.2407,-108.5220
8.8343,973.9407,-106.0290
8.8355,974.4875,-103.5215
8.8458,975.0621,-101.0765
8.8660,975.7400,-98.7304
8.8669,976.2671,-96.3413
8.8756,976.7303,-93.8208
8.8978,977.5167,-91.4200
8.8985,978.2524,-88.9887
8.9058,978.6783,-86.4172
8.9290,979.3701,-83.8764
8.9299,980.2079,-81.3858
8.9356,980.7094,-78.8542
8.9607,981.2302,-76.4207
8.9616,981.9854,-73.9764
8.9658,982.4682,-71.4884
8.9758,983.0302,-69.0081
8.9858,983.8091,-66.5456
8.9956,984.2746,-64.0566
9.0057,984.7585,-61.6409
9.0156,985.5886,-59.1431
9.0259,986.1791,-56.6389
9.0356,986.6951,-54.2664
9.0459,987.2961,-51.8410
9.0704,987.9176,-49.3753
9.0713,988.6171,-46.9151
9.0756,989.2100,-44.4523
9.0858,989.7151,-41.9957
9.1020,990.4142,-39.4847
9.1058,990.9817,-37.0002
9.1156,991.4926,-34.5973
9.1336,991.9748,-32.0680
9.1355,992.4586,-29.5664
9.1458,993.0304,-27.0228
9.1647,993.5185,-24.4507
9.1656,993.9972,-21.8610
9.1756,994.5302,-19.4188
9.1959,995.1474,-16.8626
9.1966,995.5340,-14.3099
9.2058,996.0783,-11.8274
9.2396,997.1055,-7.1570
9.2405,997.6581,-4.8146
9.2456,998.0381,-2.1847
9.2708,998.3663,0.4099
9.2715,998.9656,2.9088
9.2765,999.4194,5.4271
9.2856,999.7719,7.8963
9.2957,1000.2461,10.2146
9.3057,1000.6269,12.7283
9.3157,1000.8417,15.3804
9.3343,1001.1904,17.8748
9.3355,1001.5734,20.2966
9.3455,1001.7962,22.6905
9.3813,1002.6275,27.5632
9.3820,1002.8825,30.0025
9.3858,1003.2950,32.3737
9.3961,1003.6214,34.8844
9.4121,1003.8960,37.2881
9.4156,1004.3545,39.5783
9.4260,1004.6456,41.9442
9.4358,1004.9960,44.4332
9.4458,1005.2607,46.8108
9.4556,1005.5301,49.2099
9.4752,1005.7512,51.6017
9.4759,1005.9000,54.0730
9.4858,1006.0468,56.6489
9.5067,1006.2511,59.1821
9.5077,1006.3490,61.7028
9.5156,1006.4869,64.2347
9.5379,1006.7310,66.8212
9.5387,1006.8741,69.3172
9.5460,1007.1068,71.8392
9.5688,1007.3326,74.3992
9.5700,1007.4065,76.8861
9.5756,1007.5884,79.3259
9.6008,1007.7479,81.8889
9.6016,1007.8969,84.3297
9.6059,1008.0588,86.7822
9.6157,1008.2292,89.2860
9.6323,1008.3057,91.7337
9.6356,1008.4171,94.0900
9.6459,1008.6772,96.5134
9.6633,1008.7619,98.9750
9.6658,1008.5916,101.4505
9.6756,1008.6910,103.9475
9.6949,1008.7714,106.3866
9.6956,1008.6181,108.8734
9.7059,1008.6968,111.3687
9.7256,1008.7817,113.7543
9.7267,1008.6876,116.0616
9.7356,1008.7127,118.5016
9.7571,1008.7702,120.9602
9.7578,1008.6870,123.3235
9.7659,1008.6978,125.7417
9.7882,1008.7502,128.2609
9.7891,1008.5421,130.7650
9.7957,1008.4391,133.3314
9.8195,1008.4757,135.8430
9.8202,1008.2354,138.3779
9.8257,1008.0798,140.9741
9.8509,1007.9884,143.5403
9.8520,1007.7695,146.0299
9.8555,1007.6984,148.6025
9.8659,1007.5927,151.1818
9.8821,1007.2480,153.6726
9.8856,1007.0688,156.2262
9.8956,1006.9288,158.8574
9.9137,1006.6929,161.3949
9.9156,1006.5560,163.9229
9.9258,1006.4254,166.5482
9.9446,1006.1628,169.0687
9.9456,1005.9293,171.6224
9.9557,1005.7179,174.1469
9.9901,1005.3377,179.0754
9.9908,1005.1411,181.6828
9.9957,1004.9005,184.1590
10.0212,1004.5770,186.7003
10.0221,1004.2881,189.4202
10.0255,1004.1474,192.0190
10.0357,1003.8629,194.6477
10.0527,1003.4626,197.3104
10.0558,1003.1879,199.8410
10.0656,1002.9518,202.3621
10.0844,1002.6540,204.8957
10.0854,1002.4291,207.4121
10.0958,1002.0960,209.9582
10.1153,1001.7894,212.5076
10.1164,1001.4736,215.1138
10.1259,1000.9975,217.7217
10.1471,1000.7324,220.2423
10.1479,1000.4035,222.5935
10.1558,1000.2353,225.3744
10.1781,999.8535,227.7922
10.1791,999.5088,230.2936
10.1857,999.0797,232.9972
10.2094,998.7534,235.4405
10.2101,998.2202,237.9318
10.2158,997.6930,240.4470
10.2406,994.0073,241.5860
10.2417,995.6372,244.6262
10.2455,996.0946,248.2202
10.2705,995.6886,250.6782
10.2714,NaN,NaN
10.2760,NaN,NaN
10.2856,994.7773,257.1372
10.2959,994.2437,259.4942
10.3055,993.8260,261.7790
10.3157,992.8191,264.8475
10.3257,992.3994,267.1001
10.3503,992.0170,269.4817
10.3512,990.8518,272.5440
10.3557,990.8754,274.2897
10.3807,990.3589,277.2418
10.3816,989.1014,279.9481
10.3857,989.0595,282.0931
10.3958,988.3456,284.6311
10.4119,986.7997,287.6825
10.4158,986.9235,289.5467
10.4256,986.2378,292.0714
10.4435,985.5703,294.5152
10.4461,984.2617,297.1102
10.4559,983.5938,299.2088
10.4744,982.9311,301.8839
10.4758,982.4923,304.3328
10.4857,981.2488,306.2978
10.4958,980.6107,307.7325
10.5057,980.9957,311.1036
10.5159,979.1766,312.0050
10.5377,979.6898,315.9293
10.5388,978.9342,318.3308
10.5457,978.1617,320.7542
10.5683,977.4770,323.1691
10.5691,976.7612,325.5884
10.5757,975.8630,328.0150
10.5992,974.8093,330.2434
10.6003,974.0017,332.6005
10.6056,973.6034,335.2656
10.6308,972.7773,337.7058
10.6316,971.9294,339.9682
10.6359,971.0182,342.4934
10.6458,970.1716,344.8318
10.6620,969.3092,347.1905
10.6656,968.4985,349.5715
10.6758,967.7489,351.7921
10.6930,966.9167,354.0426
10.6957,966.0452,356.4431
10.7056,965.1438,358.8259
10.7245,964.1860,361.1682
10.7254,963.1737,363.6125
10.7360,962.2233,365.9977
10.7557,961.2728,368.3586
10.7569,960.3102,370.7749
10.7657,959.2981,373.0926
10.7870,958.4047,375.3844
10.7878,957.4815,377.7057
10.7957,956.5187,379.9941
10.8179,955.4479,382.2680
10.8189,954.4947,384.6636
10.8256,953.5998,387.0343
10.8501,952.4397,389.3805
10.8507,951.3561,391.8701
10.8558,950.3583,394.3369
10.8855,948.2094,398.9545
10.8867,947.2295,401.2608
10.8956,946.1706,403.4350
10.9175,945.0422,405.6994
10.9183,943.9322,408.0673
10.9260,942.7244,410.4517
10.9487,941.5130,412.8844
10.9498,940.5955,415.1528
10.9556,939.3815,417.5160
10.9803,938.1405,419.8558
10.9811,937.0170,422.1545
10.9859,935.7637,424.6597
11.0114,934.8071,426.5315
11.0125,933.5685,429.1217
11.0156,932.7259,430.9910
11.0260,931.3612,433.1625
11.0425,929.8199,435.7842
11.0457,928.6767,438.0264
11.0557,927.7262,439.8607
11.0740,926.4587,442.0640
11.0754,925.0014,444.5364
11.0858,923.7268,446.7690
11.1050,922.4814,448.9866
11.1060,921.3318,451.1958
11.1156,920.0739,453.5282
11.1364,919.2525,455.1024
11.1372,917.7792,457.3490
11.1458,916.6802,459.8900
11.1555,915.4069,462.0654
11.1657,914.2846,463.9853
11.1759,912.5201,465.9795
11.2095,910.4103,470.2201
11.2102,909.4023,472.3071
11.2158,908.1174,474.3897
11.2404,906.7967,476.5011
11.2414,905.2043,478.7551
11.2456,904.0742,480.9289
11.2559,902.6759,482.9906
11.2722,901.2630,485.1658
11.2781,899.8136,487.2721
11.2856,898.3222,489.3160
11.2960,896.8470,491.5402
11.3189,895.3094,493.6325
11.3201,893.7672,495.6788
11.3255,892.4121,497.9071
11.3502,890.9331,500.1372
11.3511,889.4391,502.1808
11.3559,887.9755,504.3486
11.3808,886.5775,506.5475
11.3818,885.2085,508.5696
11.3856,883.8198,510.5839
11.3959,882.4488,512.5794
11.4182,880.9609,514.4158
11.4190,879.5402,516.4157
11.4256,878.0771,518.4778
11.4497,876.5670,520.4137
11.4504,875.0484,522.5030
11.4558,873.6010,524.6420
11.4807,872.0589,526.5818
11.4817,870.4950,528.5814
11.4856,868.9414,530.6295
11.4960,867.4753,532.5814
11.5120,866.0276,534.5317
11.5157,864.4090,536.4948
11.5255,862.8415,538.4611
11.5435,861.2858,540.4059
11.5455,859.6820,542.3217
11.5557,857.9563,544.2419
11.5655,856.3142,546.2092
11.5757,854.7631,548.1351
11.5855,853.1838,550.0973
11.6066,851.4850,552.1437
11.6072,849.9273,554.2316
11.6157,848.3174,556.2364
11.6376,846.5315,558.1974
11.6386,844.8234,560.1906
11.6455,843.2640,562.2358
11.6694,841.4933,564.1803
11.6700,839.7509,566.1587
11.6757,838.1956,568.2482
11.7004,836.4419,570.1967
11.7013,834.6345,572.0596
11.7055,833.0363,574.1199
11.7157,831.2396,575.9103
11.7316,829.5771,577.6208
11.7357,828.1308,579.6059
11.7455,826.3534,581.3996
11.7633,824.6203,583.0596
11.7655,823.1175,584.9416
11.7761,821.3176,586.7727
11.7935,819.5935,588.5044
11.7956,818.1387,590.4358
11.8055,816.4292,592.1478
11.8157,814.6808,593.7985
11.8344,813.2802,595.7567
11.8355,811.5764,597.5421
11.8455,809.7289,599.1479
11.8650,808.1841,601.0964
11.8657,806.3887,602.9495
11.8758,804.4188,604.5566
11.8965,802.7824,606.4636
11.8975,801.0503,608.2636
11.9055,799.2194,609.8437
11.9355,795.9450,613.4568
11.9363,794.1667,614.9752
11.9458,792.6778,616.8092
11.9667,790.9282,618.5489
11.9676,788.8770,620.1190
11.9756,786.9054,621.9267
11.9981,785.0625,623.7193
11.9988,783.2191,625.4502
12.0058,781.4146,627.2066
12.0293,779.5846,628.7802
12.0302,777.7339,630.5103
12.0355,775.7861,632.3219
12.0459,773.6899,634.0010
12.0555,771.6267,635.7755
12.0657,769.6080,637.5226
12.0756,767.7891,639.2826
12.0919,766.0111,641.0569
12.0955,764.1174,642.6697
12.1058,762.3862,644.4078
12.1230,760.7186,646.1879
12.1256,758.8791,647.7815
12.1356,757.2345,649.3182
12.1546,755.6482,650.6900
12.1553,753.8418,652.0190
12.1656,752.0259,653.5856
12.1861,749.9974,655.1558
12.1870,747.7406,656.7810
12.1955,745.4528,658.4568
12.2177,743.4178,660.2402
12.2185,741.3738,661.9903
12.2257,739.3928,663.5965
12.2491,737.4526,665.1431
12.2500,735.5036,666.7006
12.2556,733.5585,668.2997
12.2805,731.5612,669.8221
12.2813,729.5545,671.3126
12.2857,727.6463,672.8587
12.2956,725.6187,674.3806
12.3057,723.5129,675.9593
12.3156,721.5558,677.5257
12.3258,719.6758,679.0077
12.3357,717.7446,680.4808
12.3457,715.7121,681.9240
12.3555,713.6683,683.3720
12.3658,711.6971,684.8566
12.3754,709.7555,686.3157
12.3857,707.6500,687.7860
12.4043,705.5574,689.2971
12.4055,703.5785,690.7375
12.4156,701.4787,692.0550
12.4257,699.1920,693.2781
12.4433,696.9753,694.6031
12.4456,694.7972,696.0393
12.4555,692.6761,697.3340
12.4657,690.8546,698.6125
12.4850,689.1462,700.0686
12.4860,687.1303,701.2775
12.4955,685.0626,702.4771
12.5057,682.9849,704.0101
12.5157,680.7108,705.4178
12.5258,678.6066,706.7685
12.5475,676.5563,708.2047
12.5484,674.2559,709.4587
12.5555,672.1578,710.7408
12.5790,670.1508,712.0825
12.5798,667.9557,713.2885
12.5858,665.8686,714.5549
12.6101,663.8191,715.8742
12.6111,661.6216,717.1510
12.6155,659.3678,718.4078
12.6258,657.2662,719.7929
12.6355,655.0076,721.1587
12.6458,652.7549,722.4300
12.6556,650.6245,723.8092
12.6658,648.4583,725.0848
12.6756,646.4057,726.3876
12.6861,644.3151,727.7552
12.7042,642.0609,729.0159
12.7056,639.9083,730.2400
12.7155,637.8518,731.5223
12.7354,635.6101,732.7097
12.7361,633.2989,733.7951
12.7458,631.0039,734.9314
12.7667,628.7529,736.0327
12.7678,626.4755,737.1302
12.7756,624.2205,738.3854
12.7985,621.9012,739.5277
12.7993,619.6487,740.6281
12.8059,617.4935,741.8556
12.8292,615.3059,742.9667
12.8303,613.0348,743.9579
12.8356,610.8441,745.0695
12.8610,608.5641,746.0760
12.8618,606.3907,747.1386
12.8659,604.2995,748.3031
12.8756,602.0170,749.2756
12.8928,599.5921,750.2169
12.8958,597.3159,751.3981
12.9057,594.9336,752.5072
12.9154,592.5806,753.4747
12.9257,590.3562,754.6240
12.9355,588.0240,755.6118
12.9456,585.6423,756.5191
12.9555,583.2797,757.5609
12.9658,580.8015,758.4680
12.9896,578.4802,759.4305
12.9905,576.1839,760.5119
12.9955,573.7142,761.4037
13.0207,571.3940,762.3681
13.0214,569.1570,763.4267
13.0257,566.7261,764.2768
13.0354,564.4338,765.2529
13.0529,562.3388,766.3788
13.0564,560.0453,767.1330
13.0657,557.7662,767.9390
13.0841,555.6553,769.0504
13.0855,553.3537,769.8440
13.0956,551.0394,770.5655
13.1156,548.7707,771.5283
13.1163,546.3291,772.3314
13.1257,543.9081,773.1620
13.1355,541.5949,774.0917
13.1457,539.2036,774.7016
13.1555,536.8528,775.4039
13.1786,534.6032,776.3216
13.1793,532.2345,776.9135
13.1857,529.9004,777.5528
13.2098,527.7338,778.4875
13.2108,525.4516,779.1675
13.2155,523.0804,779.7351
13.2413,520.7522,780.6058
13.2420,518.4450,781.2941
13.2457,516.2170,781.9610
13.2555,513.9729,782.8212
13.2728,511.6428,783.4315
13.2781,509.4377,784.0565
13.2859,507.2296,784.9381
13.3036,504.9462,785.5952
13.3060,502.5828,786.0677
13.3156,500.2289,786.9025
13.3357,497.8588,787.6137
13.3365,495.4840,788.1771
13.3459,493.0648,788.9420
13.3668,490.7031,789.6363
13.3679,488.3628,790.1192
13.3756,485.9937,790.8454
13.3858,483.5322,791.5718
13.3955,481.1275,792.0898
13.4058,478.8811,792.8337
13.4285,476.5960,793.5867
13.4295,474.1807,793.9496
13.4355,471.7310,794.4920
13.4743,466.7863,795.6254
13.4751,464.3133,796.2191
13.4762,461.8023,796.7827
13.4855,459.4036,797.1985
13.5053,456.9727,797.8597
13.5061,454.3921,798.3919
13.5158,451.8676,798.7268
13.5359,449.5492,799.3919
13.5371,447.1505,799.9727
13.5462,444.7714,800.2501
13.5679,442.3995,800.7764
13.5687,440.0028,801.3486
13.5759,437.6269,801.6783
13.5989,435.2097,802.2325
13.6000,432.7208,802.7708
13.6055,430.2603,803.0760
13.6298,427.7936,803.5472
13.6306,425.2592,804.1075
13.6360,422.6982,804.4111
13.6456,420.2814,804.8351
13.6634,417.7643,805.2794
13.6655,415.2421,805.5211
13.6758,412.7939,805.9794
13.6944,410.3486,806.4926
13.6956,407.8923,806.6195
13.7056,405.4376,807.0610
13.7261,402.8731,807.4423
13.7269,400.3539,807.6256
13.7359,397.7258,808.0521
13.7571,395.2682,808.8337
13.7582,392.8281,809.2949
13.7656,390.1248,809.0384
13.7902,387.5437,809.3235
13.7911,385.1364,809.4637
13.7959,382.6866,809.7672
13.8202,380.1685,810.0951
13.8212,377.5190,810.1052
13.8256,374.8862,810.3486
13.8359,372.3008,810.6600
13.8455,369.8441,810.7692
13.8559,367.3673,811.0467
13.8656,364.8892,811.1937
13.8759,362.4443,811.1831
13.8856,359.7950,811.2792
13.8960,357.1597,811.3596
13.9069,354.6494,811.3997
13.9304,352.1940,811.5763
13.9313,349.8995,811.5621
13.9359,347.4200,811.5896
13.9456,344.9674,811.7087
13.9558,342.4655,811.8716
13.9655,340.0424,811.9373
13.9757,337.7014,812.0959
13.9855,335.3902,812.3063
13.9958,333.0633,812.3466
14.0055,330.6160,812.4530
14.0158,328.1210,812.5824
14.0258,325.6321,812.4839
14.0357,323.1376,812.4918
14.0521,320.5872,812.5645
14.0556,317.7236,812.6421
14.0657,315.1431,812.5988
14.0854,312.4245,812.6377
14.0862,309.9368,812.5217
14.0959,307.7843,812.5195
14.1056,305.2625,812.4481
14.1159,303.0276,812.2843
14.1256,300.5907,812.2304
14.1481,298.1445,812.2379
14.1489,295.6800,812.1848
14.1559,292.9147,812.4366
14.1793,290.3780,812.4082
14.1803,287.9535,812.3510
14.1856,285.4525,812.3323
14.2112,282.9271,812.0890
14.2119,280.4583,811.7763
14.2157,277.9909,811.6952
14.2256,275.4298,811.3687
14.2569,270.2079,810.6538
14.2579,267.5422,810.7599
14.2658,265.1305,810.4572
14.2880,262.6591,810.2834
14.2890,260.1660,810.1505
14.2956,257.2443,809.7923
14.3202,254.7965,809.6847
14.3210,252.1402,809.4755
14.3258,250.4219,809.1029
14.3513,248.1198,808.1494
14.3526,245.1936,808.2371
14.3560,242.7810,808.0981
14.3662,240.2067,807.6518
14.3828,237.7478,807.6415
14.3861,235.3491,807.2461
14.3959,232.7155,806.6372
14.4142,230.1672,806.4440
14.4156,227.7500,806.1642
14.4258,225.1782,805.5583
14.4458,222.8906,805.5462
14.4475,219.9874,805.0864
14.4559,217.6442,804.7491
14.4658,215.0929,804.2630
14.4754,212.6850,803.9232
14.4858,210.2599,803.4157
14.5080,207.8304,803.0454
14.5091,205.4961,802.7379
14.5155,202.9924,802.1651
14.5404,200.3981,801.6547
14.5412,197.9743,801.3150
14.5457,195.5304,800.8344
14.5557,192.9286,800.2195
14.5716,190.5797,799.9532
14.5755,188.1227,799.2980
14.5858,185.7130,798.7514
14.6022,183.3072,798.3235
14.6058,180.7239,797.5944
14.6156,178.2501,796.9310
14.6258,175.7545,796.5292
14.6355,172.9747,795.8616
14.6460,170.5311,795.1124
14.6658,168.3451,794.8160
14.6669,165.8468,794.3895
14.6755,163.3531,793.5978
14.6971,160.8955,793.0639
14.6979,158.3303,792.6683
14.7057,156.0762,792.0279
14.7283,153.6862,791.5696
14.7293,151.1643,791.1068
14.7355,148.6757,790.2679
14.7607,146.1978,789.7132
14.7615,143.6004,789.2079
14.7668,141.1646,788.4494
14.7915,138.8505,787.8598
14.7925,136.3484,787.3116
14.7955,133.8584,786.4024
14.8058,131.3492,785.6944
14.8225,128.8757,785.0934
14.8256,126.5328,784.3260
14.8355,124.1680,783.8528
14.8594,121.7214,783.3077
14.8602,119.4601,782.5710
14.8812,117.1852,782.1354
14.8831,114.7807,781.5406
14.8857,112.4986,780.6110
14.8956,110.2996,780.0483
14.9135,108.0550,779.4727
14.9154,105.7190,778.6537
14.9257,103.4189,777.8978
14.9446,100.9997,777.0427
14.9455,98.5343,776.1603
14.9555,96.0608,775.3348
14.9762,93.5890,774.3853
14.9769,91.1566,773.4881
14.9858,88.3637,772.4926
15.0072,85.9953,771.5843
15.0082,84.0329,770.9846
15.0156,81.6497,770.3187
15.0378,79.3554,769.4337
15.0386,77.0498,768.5280
15.0457,74.6406,767.7866
15.0684,72.3280,766.9008
15.0694,70.0082,765.8561
15.0755,67.5934,765.0467
15.1002,65.1985,764.1492
15.1008,62.8087,763.0567
15.1056,60.3922,762.2958
15.1371,55.8350,760.3723
15.1379,53.4907,759.6411
15.1455,51.1869,758.5959
15.1685,48.8642,757.5293
15.1693,46.4392,756.7068
15.1758,44.0309,755.5663
15.2002,41.6666,754.3830
15.2012,39.2458,753.5692
15.2055,36.9474,752.5497
15.2158,34.6737,751.3564
15.2316,32.3095,750.4181
15.2357,29.9926,749.3030
15.2455,27.7383,748.1983
15.2629,25.3615,747.2791
15.2654,23.0084,746.0875
15.2756,20.7047,744.9249
15.2942,18.3549,743.9235
15.2957,16.1546,742.6587
15.3055,13.9154,741.4662
15.3261,11.5835,740.4502
15.3269,9.4089,739.1555
15.3357,7.1438,737.9041
15.3573,4.7198,736.9562
15.3584,2.4252,735.6571
15.3656,0.1884,734.3065
15.3889,-2.1408,733.3278
15.3896,-4.3924,732.1244
15.3957,-6.5696,730.8902
15.4203,-8.8538,729.8792
15.4213,-11.0459,728.4899
15.4255,-13.1382,727.2422
15.4357,-15.3344,726.3340
15.4508,-17.4643,724.9952
15.4556,-19.5558,723.6422
15.4655,-21.8537,722.6465
15.4906,-24.0771,721.3046
15.4914,-26.2503,719.8820
15.4957,-28.5844,718.5113
15.5055,-30.9042,717.0449
15.5223,-33.2303,715.8062
15.5255,-35.5393,714.5137
15.5356,-37.7880,713.1168
15.5536,-39.9619,711.8425
15.5556,-42.1497,710.6157
15.5654,-44.3095,709.1725
15.5840,-46.3993,707.8193
15.5853,-48.5565,706.5677
15.5957,-50.6683,705.1589
15.6162,-52.8010,703.6824
15.6171,-54.9575,702.3471
15.6255,-57.1106,700.9640
15.6481,-59.1625,699.4703
15.6488,-61.3486,697.8176
15.6557,-63.5722,696.1690
15.6655,-65.6670,694.6143
15.6857,-67.7881,693.2294
15.6864,-69.9358,691.8257
15.6957,-71.9297,690.3930
15.7167,-74.0299,688.9547
15.7177,-76.1971,687.4065
15.7255,-78.3163,685.8323
15.7483,-80.4795,684.2650
15.7490,-82.5872,682.7414
15.7557,-84.6706,681.3413
15.7794,-86.7410,680.0103
15.7804,-88.7767,678.5792
15.7855,-90.6993,677.2615
15.8109,-92.6213,675.8123
15.8116,-94.5693,674.3640
15.8157,-96.5028,672.9559
15.8255,-98.4078,671.3987
15.8426,-100.3433,669.8122
15.8455,-102.2694,668.3154
15.8558,-104.2246,666.7985
15.8738,-106.0954,665.2357
15.8755,-107.9295,663.5938
15.8856,-109.8431,661.9681
15.9051,-111.7470,660.2611
15.9058,-113.6332,658.5024
15.9157,-115.5997,656.8517
15.9363,-117.5929,655.2854
15.9373,-119.4755,653.6182
15.9455,-121.3957,651.9672
15.9686,-123.1794,650.2787
15.9693,-124.8457,648.6334
15.9757,-126.6648,647.2342
15.9994,-128.3577,645.4771
16.0004,-129.9840,643.6160
16.0055,-131.8908,642.0552
16.0310,-133.7334,640.3399
16.0318,-135.4564,638.4299
16.0356,-137.2965,636.8602
16.0457,-139.0787,635.2477
16.0558,-140.7413,633.4997
16.0656,-142.5663,631.8393
16.0757,-144.3676,630.1293
16.1002,-145.9755,628.2961
16.1012,-147.7930,626.7250
16.1053,-149.6289,624.9909
16.1304,-151.2284,623.1006
16.1312,-152.9696,621.4859
16.1357,-154.7326,619.8550
16.1457,-156.3885,617.9082
16.1623,-158.1065,616.1826
16.1655,-159.8522,614.5172
16.1758,-161.4432,612.6330
16.1856,-163.1336,610.8541
16.2018,-164.8831,608.9911
16.2055,-166.5247,607.0081
16.2157,-168.2048,605.1385
16.2332,-169.9919,603.2711
16.2360,-171.7295,601.2567
16.2455,-173.4908,599.3982
16.2645,-175.2755,597.6632
16.2653,-176.9932,595.8109
16.2776,-178.6676,594.0371
16.2954,-180.2737,592.2100
16.2964,-181.7705,590.1747
16.3055,-183.3909,588.3278
16.3271,-185.0704,586.4841
16.3279,-186.6192,584.4463
16.3357,-188.1848,582.3768
16.3581,-189.8858,580.3873
16.3591,-191.5728,578.3632
16.3655,-193.1127,576.2972
16.3896,-194.7502,574.0921
16.3903,-196.3966,571.9600
16.3957,-198.0200,569.9898
16.4207,-199.5196,567.9677
16.4218,-200.9873,565.9700
16.4255,-202.5521,564.1036
16.4364,-203.9858,562.1429
16.4519,-205.4577,560.0578
16.4557,-207.0273,558.0384
16.4655,-208.5288,555.9416
16.4833,-210.0213,553.8583
16.4855,-211.7120,551.9114
16.4957,-213.2739,549.7774
16.5145,-214.7144,547.6310
16.5155,-216.2458,545.6216
16.5255,-217.7184,543.5291
16.5464,-219.1025,541.4084
16.5471,-220.5841,539.5262
16.5556,-221.9620,537.4504
16.5775,-223.2882,535.2841
16.5784,-224.8152,533.1548
16.5855,-226.2316,530.9654
16.6094,-227.6199,528.8771
16.6100,-229.0851,526.8763
16.6156,-230.4436,524.6823
16.6478,-233.2188,520.2978
16.6488,-234.5841,518.0851
16.6555,-235.9401,515.9416
16.6785,-237.3818,513.9030
16.6792,-238.7205,511.7644
16.6857,-240.0088,509.7847
16.7095,-241.3454,507.7853
16.7105,-242.5556,505.5196
16.7155,-243.7922,503.2975
16.7409,-245.1287,501.2831
16.7417,-246.4366,499.1940
16.7456,-247.6173,497.0318
16.7554,-248.8348,494.9029
16.7721,-250.0102,492.6973
16.7755,-251.1897,490.5331
16.7857,-252.4631,488.3390
16.8033,-253.7282,486.0536
16.8057,-254.9100,483.8327
16.8155,-256.1521,481.7515
16.8349,-257.3923,479.5054
16.8356,-258.4944,477.2271
16.8455,-259.6587,475.0988
16.8660,-260.8311,472.8642
16.8668,-262.0175,470.6601
16.8755,-263.1235,468.6213
16.8981,-264.2445,466.5171
16.8988,-265.3381,464.3308
16.9057,-266.4037,462.0962
16.9154,-267.4942,459.8157
16.9256,-268.6272,457.6402
16.9355,-269.6441,455.4753
16.9606,-270.7516,453.2241
16.9613,-271.8686,451.0277
16.9656,-272.8798,448.9173
16.9756,-273.9153,446.6913
16.9919,-275.0364,444.4984
16.9955,-276.0671,442.2832
17.0057,-277.1508,440.0166
17.0232,-278.2450,437.6937
17.0256,-279.2782,435.4891
17.0355,-280.3389,433.2366
17.0552,-281.3428,430.9230
17.0559,-282.1659,428.5015
17.0658,-283.2198,426.1090
17.0863,-284.2674,423.7016
17.0872,-285.2080,421.3163
17.0955,-286.2250,418.8641
17.1178,-287.2920,416.4540
17.1185,-288.3177,414.1053
17.1257,-289.1943,411.7157
17.1488,-290.0922,409.3084
17.1498,-290.9781,406.9857
17.1556,-291.9100,404.7188
17.1932,-293.6946,399.9636
17.1939,-294.6928,397.6126
17.1956,-295.6079,395.1956
17.2056,-296.5914,392.8359
17.2362,-298.4214,387.8274
17.2370,-299.2888,385.4085
17.2457,-300.2089,382.9367
17.2674,-301.0505,380.4010
17.2684,-301.8670,377.9901
17.2758,-302.8271,375.6220
17.3031,-303.7456,373.1495
17.3039,-304.6606,370.7704
17.3055,-305.5359,368.3672
17.3155,-306.2942,365.8738
17.3344,-307.1588,363.3997
17.3355,-307.9193,360.8846
17.3457,-308.6372,358.2960
17.3554,-309.5141,355.8383
17.3656,-310.3461,353.4585
17.3755,-311.1592,351.0165
17.3970,-311.9762,348.6131
17.3977,-312.7233,346.1237
17.4057,-313.4163,343.6297
17.4282,-314.1557,341.2184
17.4291,-314.8050,338.6254
17.4355,-315.4594,335.9689
17.4457,-316.2352,333.6185
17.4555,-316.8929,331.2041
17.4657,-317.4687,328.7159
17.4755,-317.9596,326.1385
17.4857,-318.5252,323.5730
17.4955,-319.1389,321.0905
17.5058,-319.8256,318.7678
17.5221,-320.4230,316.3800
17.5257,-320.9751,313.9584
17.5355,-321.5183,311.5563
17.5534,-322.0964,308.9901
17.5554,-322.6734,306.3779
17.5657,-323.2115,303.9920
17.5845,-323.7674,301.6144
17.5854,-324.4079,299.1727
17.5954,-324.9460,296.8365
17.6161,-325.5549,294.5759
17.6169,-326.0697,292.2290
17.6257,-326.5091,289.7884
17.6473,-326.9927,287.3965
17.6483,-327.5452,285.0345
17.6555,-327.8891,282.6707
17.6785,-328.3395,280.2541
17.6792,-328.8926,277.7374
17.6857,-329.2210,275.3158
17.7100,-329.5780,272.7908
17.7109,-330.0063,270.2970
17.7155,-330.4783,267.8807
17.7257,-330.8850,265.3726
17.7354,-331.2064,262.8431
17.7456,-331.6801,260.3307
17.7555,-332.1254,257.7948
17.7657,-332.4421,255.2964
17.7755,-332.7348,252.7783
17.7855,-333.1010,250.3032
17.7954,-333.4887,247.8513
17.8165,-333.8122,245.3800
17.8170,-334.1565,242.8399
17.8257,-334.5679,240.3000
17.8472,-334.9720,237.9269
17.8481,-335.3256,235.4813
17.8555,-335.6368,233.0478
17.8787,-335.9790,230.8109
17.8794,-336.3222,228.6080
17.8856,-336.5909,226.2205
17.9100,-336.7882,223.8427
17.9109,-336.9980,221.3934
17.9155,-337.1838,218.9269
17.9257,-337.3895,216.5147
17.9433,-337.6155,214.0641
17.9456,-337.9080,211.6356
17.9555,-338.0491,209.2248
17.9748,-338.1808,206.6993
17.9755,-338.3258,204.1128
17.9859,-338.4320,201.6120
18.0063,-338.4948,199.1479
18.0073,-338.5759,196.6566
18.0155,-338.7743,194.1536
18.0374,-338.8682,191.6516
18.0382,-338.8657,189.1005
18.0456,-338.9587,186.5485
18.0689,-339.0779,183.9599
18.0698,-339.0909,181.3211
18.0755,-339.1786,178.7620
18.1005,-339.2387,176.3031
18.1012,-339.3391,173.8295
18.1057,-339.4916,171.3629
18.1155,-339.4669,168.9115
18.1320,-339.5082,166.4461
18.1355,-339.6765,163.9814
18.1456,-339.5968,161.4688
18.1632,-339.4197,158.8956
18.1658,-339.5413,156.3396
18.1755,-339.4281,153.8541
18.1947,-339.2679,151.3720
18.1954,-339.2386,148.8305
18.2057,-339.1715,146.2758
18.2258,-338.9958,143.8112
18.2267,-339.0041,141.2990
18.2354,-339.0795,138.7442
18.2457,-338.9683,136.2841
18.2556,-338.9552,133.8472
18.2718,-338.9590,131.3315
18.2755,-338.8513,128.8375
18.2856,-338.7579,126.4180
18.3028,-338.7836,124.0110
18.3057,-338.4872,121.5981
18.3155,-338.3315,119.2216
18.3338,-338.2841,116.7797
18.3353,-337.9965,114.2743
18.3457,-337.7708,111.7831
18.3651,-337.7381,109.2864
18.3660,-337.5754,106.7408
18.3756,-337.4030,104.3095
18.3964,-337.2524,101.7978
18.3971,-336.9081,99.1511
18.4056,-336.7421,96.5977
18.4274,-336.7081,94.1526
18.4294,-336.5034,91.7199
18.4355,-336.3145,89.4051
18.4592,-336.2522,87.0554
18.4598,-335.8066,84.5168
18.4658,-335.3683,82.0284
18.4753,-335.2412,79.5568
18.4856,-334.9798,77.1071
18.4954,-334.6827,74.6725
18.5213,-334.4477,72.2554
18.5220,-334.1396,69.8394
18.5262,-333.8153,67.4910
18.5355,-333.4113,65.0382
18.5535,-333.0121,62.5274
18.5553,-332.7545,60.1125
18.5656,-332.5097,57.8843
18.5847,-332.3559,55.4641
18.5856,-331.9657,53.0479
18.5954,-331.5558,50.6661
18.6162,-331.1759,48.1786
18.6169,-330.7363,45.7559
18.6258,-330.2920,43.3802
18.6474,-329.7751,40.9071
18.6483,-329.2908,38.5080
18.6555,-328.8532,36.0986
18.6789,-328.3793,33.6308
18.6797,-327.9642,31.2100
18.6857,-327.5178,28.8936
18.7101,-327.1969,26.5222
18.7111,-326.7492,24.1551
18.7156,-326.2391,21.8688
18.7259,-325.8016,19.5486
18.7355,-325.1868,17.1530
18.7456,-324.5635,14.7921
18.7554,-323.9663,12.4403
18.7656,-323.4668,9.9918
18.7754,-322.9697,7.5395
18.7857,-322.5085,5.0980
18.7955,-322.1774,2.6286
18.8056,-321.6576,0.3171
18.8155,-320.9779,-1.9684
18.8369,-320.4955,-4.3539
18.8376,-319.7738,-6.6705
18.8456,-318.9975,-9.0168
18.8679,-318.4276,-11.4319
18.8688,-317.9195,-13.7630
18.8754,-317.2779,-16.1544
18.9000,-316.7370,-18.5891
18.9007,-315.9381,-20.8981
18.9056,-315.1290,-23.2212
18.9312,-314.5426,-25.5293
18.9322,-313.7507,-27.7650
18.9354,-312.8048,-30.0621
18.9456,-311.9939,-32.4220
18.9623,-311.1903,-34.7139
18.9656,-310.3359,-37.0571
18.9755,-309.5640,-39.5023
18.9939,-308.8278,-41.8868
18.9953,-308.0280,-44.2139
19.0056,-307.3425,-46.6297
19.0154,-306.5549,-48.9856
19.0256,-305.7574,-51.1733
19.0353,-305.0315,-53.4994
19.0570,-304.1608,-55.7925
19.0577,-303.2783,-58.0045
19.0657,-302.5176,-60.3550
19.0881,-301.7050,-62.6343
19.0890,-300.7166,-64.8992
19.0955,-299.8153,-67.3322
19.1187,-299.1173,-69.6852
19.1195,-298.3380,-71.9386
19.1256,-297.3774,-74.2452
19.1355,-296.6218,-76.6582
19.1456,-295.7765,-79.0013
19.1624,-294.8812,-81.3008
19.1658,-293.9985,-83.7044
19.1755,-293.1025,-85.9654
19.1940,-292.1500,-88.1506
19.1953,-291.3507,-90.4177
19.2056,-290.3889,-92.5983
19.2154,-289.4227,-94.7720
19.2255,-288.5816,-97.0583
19.2355,-287.6167,-99.2678
19.2456,-286.5609,-101.5764
19.2555,-285.6734,-103.9771
19.2658,-284.5981,-106.2164
19.2867,-283.4899,-108.4698
19.2877,-282.4830,-110.9468
19.2955,-281.4135,-113.2581
19.3187,-280.3859,-115.4284
19.3194,-279.5207,-117.6863
19.3257,-278.5178,-119.9827
19.3497,-277.2623,-122.2028
19.3506,-276.0263,-124.4954
19.3555,-274.9738,-126.8501
19.3656,-273.9104,-129.1354
19.3842,-272.8039,-131.4200
19.3855,-271.7252,-133.7494
19.3954,-270.4277,-135.9685
19.4057,-269.1118,-138.3260
19.4154,-267.9064,-140.7286
19.4256,-266.6391,-142.8400
19.4355,-265.5616,-145.0414
19.4457,-264.7486,-147.4565
19.4623,-263.6238,-149.5616
19.4657,-262.5060,-151.6690
19.4755,-261.3793,-154.0070
19.4938,-260.1505,-156.1357
19.4953,-259.0322,-158.2802
19.5057,-257.9530,-160.4606
19.5249,-256.6266,-162.5501
19.5257,-255.5403,-164.7476
19.5356,-254.4722,-166.9754
19.5565,-253.1081,-169.0630
19.5573,-251.7914,-171.2081
19.5657,-250.7766,-173.4589
19.5875,-249.4486,-175.5670
19.5884,-248.0907,-177.6563
19.5955,-246.8663,-179.8838
19.6190,-245.4896,-182.1265
19.6197,-244.2015,-184.3681
19.6258,-243.0813,-186.6262
19.6504,-241.6699,-188.6112
19.6525,-240.3736,-190.5526
19.6555,-239.3244,-192.6803
19.6658,-237.8831,-194.5958
19.6822,-236.3810,-196.4861
19.6857,-235.1686,-198.5365
19.6955,-233.7655,-200.5333
19.7140,-232.2158,-202.5287
19.7155,-231.0436,-204.6669
19.7256,-229.7362,-206.5985
19.7354,-228.4075,-208.5174
19.7457,-227.2142,-210.5021
19.7555,-225.9108,-212.5211
19.7657,-224.5448,-214.5373
19.7869,-223.3468,-216.6008
19.7878,-221.9495,-218.6257
19.7955,-220.3864,-220.6367
19.8175,-219.1283,-222.7048
19.8183,-217.7367,-224.7996
19.8257,-216.0572,-226.8682
19.8491,-214.6708,-228.9629
19.8500,-213.3257,-230.9778
19.8555,-211.9321,-232.9665
19.8657,-210.6107,-234.9760
19.8754,-209.1741,-236.9310
19.8856,-207.7545,-238.9675
19.8954,-206.3943,-241.0681
19.9177,-204.8549,-243.1129
19.9183,-203.2927,-245.1762
19.9256,-201.8941,-247.2168
19.9487,-200.4007,-249.1452
19.9496,-198.8708,-251.1427
19.9556,-197.2682,-253.0754
19.9802,-195.7649,-255.0284
19.9809,-194.2405,-257.0599
19.9856,-192.5426,-259.0130
19.9954,-190.8994,-260.9787
20.0057,-189.3825,-263.0732
